case,vin,v(in),v(out),v(vcc),i(vcc),ic(q1),ib(q1),i(vin),i(rl)
1,0.0,0.0,1.079999998466258e-11,8.0,-8.02079999999549e-12,8.020799999995491e-12,-8.010000000010828e-12,8.010000000010828e-12,1.079999998466258e-14
1,0.025,0.025,4.630077312496494e-11,8.0,-8.013385359644392e-12,8.013385359644395e-12,-7.959891407881577e-12,7.959891407881575e-12,4.630077312496494e-14
1,0.05,0.05,1.249985679661612e-10,8.0,-8.034604499850612e-12,8.034604499850612e-12,-7.909605931884451e-12,7.909605931884451e-12,1.249985679661613e-13
1,0.07500000000000001,0.07500000000000001,2.722255995992155e-10,8.0,-8.131081048571486e-12,8.131081048571484e-12,-7.85885544897227e-12,7.858855448972271e-12,2.722255995992155e-13
1,0.1,0.1,6.184721236581982e-10,8.0,-8.425354641167817e-12,8.425354641167817e-12,-7.806882517509619e-12,7.806882517509619e-12,6.184721236581981e-13
1,0.125,0.125,1.487796979446305e-09,8.0,-9.239492891991706e-12,9.239492891991704e-12,-7.751695912545398e-12,7.7516959125454e-12,1.487796979446305e-12
1,0.15,0.15,3.731916311648925e-09,8.0,-1.141997725031937e-11,1.141997725031937e-11,-7.688060938670445e-12,7.688060938670445e-12,3.731916311648924e-12
1,0.175,0.175,9.589374477008418e-09,8.0,-1.719159068147246e-11,1.719159068147246e-11,-7.602216204463964e-12,7.602216204463962e-12,9.589374477008418e-12
1,0.2,0.2,2.494367592897132e-08,8.0,-3.240166061308121e-11,3.240166061308121e-11,-7.45798468410832e-12,7.45798468410832e-12,2.494367592897131e-11
1,0.225,0.225,6.525823323179484e-08,8.0,-7.241849484601377e-11,7.241849484601381e-11,-7.160261614188738e-12,7.160261614188737e-12,6.525823323179484e-11
1,0.25,0.25,1.711747288686528e-07,8.0,-1.776337592999291e-10,1.776337592999292e-10,-6.459030430726758e-12,6.459030430726758e-12,1.711747288686528e-10
1,0.275,0.275,4.495077028716434e-07,8.0,-4.542047484248126e-10,4.542047484248138e-10,-4.697045543189851e-12,4.697045543189851e-12,4.495077028716434e-10
1,0.3,0.3,1.180974359845979e-06,8.0,-1.181120973996771e-09,1.181120973996771e-09,-1.466139696069199e-13,1.466139696069199e-13,1.180974359845979e-09
1,0.325,0.325,3.103232700555603e-06,8.0,-3.091499425264354e-09,3.091499425264344e-09,1.17332785793882e-11,-1.173327857938823e-11,3.103232700555603e-09
1,0.35,0.35,8.154055406406124e-06,8.0,-8.11118117070576e-09,8.111181170705751e-09,4.287429533382878e-11,-4.287429533382878e-11,8.154055406406124e-09
1,0.375,0.375,2.141957278028447e-05,8.0,-2.12949727770768e-08,2.129497277707687e-08,1.246010828132392e-10,-1.24601082813239e-10,2.141957278028447e-08
1,0.4,0.4,5.622024678913898e-05,8.0,-5.588129492385193e-08,5.588129492385181e-08,3.389713202595521e-10,-3.389713202595521e-10,5.622024678913898e-08
1,0.425,0.425,0.0001472422996029246,8.0,-1.463429328605263e-07,1.463429328605259e-07,8.997131170102473e-10,-8.997131170102457e-10,1.472422996029246e-07
1,0.45,0.45,0.0003834751243284472,8.0,-3.811198465156794e-07,3.811198465156787e-07,2.355277812778918e-09,-2.355277812778918e-09,3.834751243284472e-07
1,0.475,0.475,0.0009847190715985346,8.0,-9.786583911626777e-07,9.786583911626797e-07,6.060680442298021e-09,-6.060680442298034e-09,9.847190715985346e-07
1,0.5,0.5,0.002445950884753939,8.0,-2.430882704907779e-06,2.430882704907784e-06,1.506818249456556e-08,-1.506818249456556e-08,2.445950884753939e-06
1,0.525,0.525,0.005674293929534294,8.0,-5.63932071343677e-06,5.639320713436774e-06,3.497365442457889e-08,-3.497365442457889e-08,5.674293929534293e-06
1,0.55,0.55,0.0117784435420156,8.0,-1.170583873483615e-05,1.170583873483613e-05,7.262116113822937e-08,-7.262116113822916e-08,1.17784435420156e-05
1,0.5750000000000001,0.5750000000000001,0.02136732654633375,8.0,-2.123565179389353e-05,2.123565179389347e-05,1.317789806953841e-07,-1.317789806953845e-07,2.136732654633375e-05
1,0.6000000000000001,0.6000000000000001,0.03419738139207124,8.0,-3.398657301989939e-05,3.398657301989942e-05,2.109588019798504e-07,-2.109588019798487e-07,3.419738139207124e-05
1,0.625,0.625,0.04958281929573638,8.0,-4.927696428328604e-05,4.927696428328592e-05,3.059424764864835e-07,-3.059424764864835e-07,4.958281929573638e-05
1,0.65,0.65,0.06684876944311446,8.0,-6.643622653171419e-05,6.64362265317141e-05,4.12576481409154e-07,-4.125764814091523e-07,6.684876944311447e-05
1,0.675,0.675,0.08548301519121188,8.0,-8.495531954942539e-05,8.495531954942574e-05,5.277069726857582e-07,-5.277069726857582e-07,8.548301519121188e-05
1,0.7000000000000001,0.7000000000000001,0.1051268667592775,8.0,-0.0001044777456667314,0.0001044777456667315,6.49124930390604e-07,-6.491249303906074e-07,0.0001051268667592775
1,0.7250000000000001,0.7250000000000001,0.1255325164444326,8.0,-0.0001247572136583862,0.0001247572136583859,7.75304159570223e-07,-7.75304159570223e-07,0.0001255325164444326
1,0.75,0.75,0.1465266969326878,8.0,-0.0001456215198893081,0.0001456215198893075,9.051775710947325e-07,-9.051775710947392e-07,0.0001465266969326878
1,0.775,0.775,0.1679857088545996,8.0,-0.0001669477256891665,0.0001669477256891676,1.037983383319827e-06,-1.037983383319833e-06,0.0001679857088545996
1,0.8,0.8,0.1898191959950734,8.0,-0.0001886460309020654,0.0001886460309020652,1.173165189244093e-06,-1.173165189244089e-06,0.0001898191959950734
1,0.8250000000000001,0.8250000000000001,0.2119596749765863,8.0,-0.0002106493675568012,0.000210649367556802,1.310307464964221e-06,-1.310307464964221e-06,0.0002119596749765863
1,0.8500000000000001,0.8500000000000001,0.2343556989713422,8.0,-0.0002329066055327331,0.0002329066055327337,1.449093461007928e-06,-1.449093461007928e-06,0.0002343556989713422
1,0.875,0.875,0.2569673101228488,8.0,-0.0002553780329436674,0.0002553780329436697,1.589277190837254e-06,-1.589277190837247e-06,0.0002569673101228488
1,0.9,0.9,0.2797629509464324,8.0,-0.0002780322865466311,0.0002780322865466308,1.730664406133672e-06,-1.730664406133665e-06,0.0002797629509464325
1,0.925,0.925,0.3027173225960454,8.0,-0.0003008442231951149,0.0003008442231951157,1.873099404505827e-06,-1.873099404505827e-06,0.0003027173225960455
1,0.9500000000000001,0.9500000000000001,0.3258098699396323,8.0,-0.0003237934142434964,0.0003237934142434968,2.016455698226044e-06,-2.016455698226037e-06,0.0003258098699396324
1,0.9750000000000001,0.9750000000000001,0.3490236899213447,8.0,-0.0003468630606322642,0.0003468630606322651,2.160629290338758e-06,-2.160629290338758e-06,0.0003490236899213447
1,1.0,1.0,0.3723447313154923,8.0,-0.0003700391975705788,0.0003700391975705785,2.305533745693258e-06,-2.305533745693258e-06,0.0003723447313154923
1,1.025,1.025,0.3957611987466135,8.0,-0.000393310102226924,0.0003933101022269263,2.451096520182737e-06,-2.451096520182737e-06,0.0003957611987466135
1,1.05,1.05,0.4192631023465843,8.0,-0.0004166658461597951,0.0004166658461597969,2.597256187109791e-06,-2.597256187109791e-06,0.0004192631023465843
1,1.075,1.075,0.4428419128941431,8.0,-0.0004400979525811255,0.0004400979525811245,2.743960313231358e-06,-2.743960313231358e-06,0.0004428419128941431
1,1.1,1.1,0.4664902944751999,8.0,-0.0004635991306630137,0.0004635991306630137,2.891163812329393e-06,-2.891163812329407e-06,0.0004664902944751999
1,1.125,1.125,0.4902018948883361,8.0,-0.0004871630672339949,0.0004871630672339914,3.038827654441951e-06,-3.038827654441964e-06,0.0004902018948883361
1,1.15,1.15,0.5139711796054098,8.0,-0.0005107842617621192,0.000510784261762117,3.186917843360661e-06,-3.186917843360688e-06,0.0005139711796054099
1,1.175,1.175,0.5377932989667598,8.0,-0.000534457894367988,0.0005344578943679871,3.335404598821089e-06,-3.335404598821089e-06,0.0005377932989667597
1,1.2,1.2,0.5616639810099254,8.0,-0.0005581797193133856,0.0005581797193133835,3.484261696578764e-06,-3.484261696578764e-06,0.0005616639810099254
1,1.225,1.225,0.5855794442676557,8.0,-0.0005819459783362076,0.0005819459783362108,3.633465931472668e-06,-3.633465931472668e-06,0.0005855794442676558
1,1.25,1.25,0.6095363262679101,8.0,-0.0006057533295907754,0.0006057533295907735,3.782996677154706e-06,-3.782996677154706e-06,0.0006095363262679101
1,1.275,1.275,0.6335316244879601,8.0,-0.0006295987889653916,0.0006295987889653906,3.932835522583509e-06,-3.932835522583522e-06,0.00063353162448796
1,1.3,1.3,0.6575626472668357,8.0,-0.0006534796812970728,0.0006534796812970643,4.082965969780231e-06,-4.082965969780218e-06,0.0006575626472668357
1,1.325,1.325,0.6816269727411196,8.0,-0.0006773935995601013,0.0006773935995601058,4.233373181023028e-06,-4.233373181023055e-06,0.0006816269727411196
1,1.35,1.35,0.705722414291153,8.0,-0.0007013383705250162,0.0007013383705250149,4.384043766142922e-06,-4.384043766142908e-06,0.000705722414291153
1,1.375,1.375,0.7298469913053973,8.0,-0.0007253120257028622,0.0007253120257028634,4.534965602540899e-06,-4.534965602540899e-06,0.0007298469913053973
1,1.4,1.4,0.7539989043163865,8.0,-0.0007493127766342797,0.0007493127766342774,4.686127682113609e-06,-4.686127682113636e-06,0.0007539989043163865
1,1.425,1.425,0.7781765137514784,8.0,-0.0007733389937709806,0.0007733389937709741,4.837519980507309e-06,-4.837519980507268e-06,0.0007781765137514784
1,1.45,1.45,0.8023783216893684,8.0,-0.0007973891883445994,0.0007973891883445933,4.989133344774312e-06,-4.989133344774298e-06,0.0008023783216893685
1,1.475,1.475,0.8266029561291328,8.0,-0.0008214619967325532,0.0008214619967325537,5.140959396580458e-06,-5.140959396580404e-06,0.0008266029561291329
1,1.5,1.5,0.8508491573700195,8.0,-0.0008455561669216405,0.0008455561669216423,5.292990448389675e-06,-5.292990448389702e-06,0.0008508491573700196
1,1.525,1.525,0.87511576617284,8.0,-0.0008696705467422725,0.0008696705467422751,5.445219430572751e-06,-5.445219430572751e-06,0.00087511576617284
1,1.55,1.55,0.8994017134319099,8.0,-0.0008938040736040376,0.0008938040736040267,5.5976398278835e-06,-5.597639827883527e-06,0.0008994017134319099
1,1.575,1.575,0.9237060111331817,8.0,-0.000917955765509397,0.0009179557655093944,5.75024562378721e-06,-5.750245623787156e-06,0.0009237060111331818
1,1.6,1.6,0.9480277444119797,8.0,-0.0009421247131603666,0.0009421247131603677,5.903031251620135e-06,-5.903031251620135e-06,0.0009480277444119797
1,1.625,1.625,0.9723660645544449,8.0,-0.000966310073002942,0.0009663100730029415,6.055991551503484e-06,-6.055991551503429e-06,0.0009723660645544449
1,1.65,1.65,0.9967201828118875,8.0,-0.0009905110610795922,0.000990511061079589,6.209121732296844e-06,-6.209121732296844e-06,0.0009967201828118876
1,1.675,1.675,1.021089364917823,8.0,-0.00101472694757998,0.001014726947579973,6.362417337857487e-06,-6.362417337857514e-06,0.001021089364917823
1,1.7,1.7,1.045472926214456,8.0,-0.001038957051997386,0.001038957051997378,6.515874217071795e-06,-6.515874217071741e-06,0.001045472926214456
1,1.725,1.725,1.069870227309438,8.0,-0.001063200738812331,0.001063200738812337,6.669488497104909e-06,-6.669488497104909e-06,0.001069870227309439
1,1.75,1.75,1.094280670195442,8.0,-0.001087457413635862,0.001087457413635869,6.823256559581426e-06,-6.823256559581399e-06,0.001094280670195442
1,1.775,1.775,1.118703694774818,8.0,-0.001111726519755676,0.001111726519755675,6.97717501914761e-06,-6.977175019147583e-06,0.001118703694774818
1,1.8,1.8,1.143138775739868,8.0,-0.001136007535035538,0.001136007535035537,7.131240704330501e-06,-7.131240704330555e-06,0.001143138775739868
1,1.825,1.825,1.167585419766091,8.0,-0.001160299969125839,0.001160299969125841,7.285450640250914e-06,-7.285450640250805e-06,0.001167585419766091
1,1.85,1.85,1.192043162981612,8.0,-0.001184603360948541,0.001184603360948535,7.439802033067816e-06,-7.439802033067816e-06,0.001192043162981612
1,1.875,1.875,1.216511568680953,8.0,-0.001208917276425039,0.001208917276425055,7.594292255906794e-06,-7.594292255906849e-06,0.001216511568680953
1,1.9,1.9,1.240990225255443,8.0,-0.001233241306419303,0.001233241306419287,7.748918836153804e-06,-7.748918836153777e-06,0.001240990225255443
1,1.925,1.925,1.265478744316214,8.0,-0.001257575064872327,0.001257575064872327,7.903679443884993e-06,-7.90367944388502e-06,0.001265478744316214
1,1.95,1.95,1.289976758988722,8.0,-0.001281918187107323,0.001281918187107317,8.058571881414535e-06,-8.058571881414535e-06,0.001289976758988722
1,1.975,1.975,1.314483922360395,8.0,-0.001306270328286702,0.001306270328286695,8.213594073701362e-06,-8.213594073701444e-06,0.001314483922360395
1,2.0,2.0,1.338999906065259,8.0,-0.001330631162005533,0.001330631162005539,8.36874405970881e-06,-8.368744059708837e-06,0.001338999906065259
1,2.025,2.025,1.363524398991333,8.0,-0.001355000379006932,0.001355000379006933,8.524019984413499e-06,-8.524019984413635e-06,0.001363524398991333
1,2.05,2.05,1.388057106098276,8.0,-0.001379377686006752,0.001379377686006749,8.679420091505137e-06,-8.679420091505137e-06,0.001388057106098276
1,2.075,2.075,1.412597747334221,8.0,-0.001403762804617389,0.001403762804617388,8.834942716839667e-06,-8.834942716839695e-06,0.001412597747334221
1,2.1,2.1,1.437146056642025,8.0,-0.001428155470359807,0.001428155470359806,8.990586282216386e-06,-8.990586282216413e-06,0.001437146056642025
1,2.125,2.125,1.461701781046222,8.0,-0.001452555431756403,0.001452555431756403,9.146349289819016e-06,-9.146349289818989e-06,0.001461701781046222
1,2.15,2.15,1.486264679812984,8.0,-0.001476962449495967,0.001476962449495953,9.30223031704884e-06,-9.30223031704884e-06,0.001486264679812984
1,2.175,2.175,1.510834523676212,8.0,-0.001501376295664478,0.001501376295664471,9.458228011742845e-06,-9.45822801174279e-06,0.001510834523676212
1,2.2,2.2,1.535411094123616,8.0,-0.001525796753035824,0.001525796753035798,9.614341087828602e-06,-9.614341087828683e-06,0.001535411094123616
1,2.225,2.225,1.559994182737316,8.0,-0.001550223614416063,0.001550223614416078,9.770568321239282e-06,-9.770568321239336e-06,0.001559994182737316
1,2.25,2.25,1.584583590584054,8.0,-0.001574656682037906,0.001574656682037863,9.92690854618517e-06,-9.92690854618517e-06,0.001584583590584054
1,2.275,2.275,1.609179127650609,8.0,-0.001599095766998959,0.00159909576699894,1.008336065166156e-05,-1.008336065166156e-05,0.001609179127650609
1,2.3,2.3,1.633780612320476,8.0,-0.001623540688742237,0.001623540688742245,1.023992357823477e-05,-1.023992357823483e-05,0.001633780612320476
1,2.325,2.325,1.658387870888243,8.0,-0.001647991274573074,0.001647991274573105,1.039659631511992e-05,-1.039659631511998e-05,0.001658387870888243
1,2.35,2.35,1.683000737108469,8.0,-0.001672447359211182,0.00167244735921117,1.055337789730211e-05,-1.055337789730216e-05,0.001683000737108469
1,2.375,2.375,1.707619051776159,8.0,-0.001696908784373091,0.001696908784373103,1.071026740304549e-05,-1.07102674030456e-05,0.001707619051776159
1,2.4,2.4,1.73224266233624,8.0,-0.001721375398384739,0.001721375398384793,1.086726395146606e-05,-1.086726395146606e-05,0.00173224266233624
1,2.425,2.425,1.756871422519657,8.0,-0.001745847055819372,0.00174584705581938,1.102436670029876e-05,-1.10243667002987e-05,0.001756871422519657
1,2.45,2.45,1.781505192003954,8.0,-0.001770323617160147,0.001770323617160162,1.118157484378176e-05,-1.118157484378181e-05,0.001781505192003954
1,2.475,2.475,1.806143836096395,8.0,-0.001794804948485607,0.001794804948485592,1.133888761078116e-05,-1.133888761078116e-05,0.001806143836096395
1,2.5,2.5,1.830787225008646,8.0,-0.001819290921174971,0.001819290921174972,1.14963042628713e-05,-1.149630426287157e-05,0.001830787225008646
1,2.525,2.525,1.855435235318592,8.0,-0.001843781411633105,0.001843781411633094,1.165382409276097e-05,-1.165382409276119e-05,0.001855435235318592
1,2.55,2.55,1.880087747068817,8.0,-0.001868276301032673,0.001868276301032687,1.181144642257027e-05,-1.181144642257038e-05,0.001880087747068817
1,2.575,2.575,1.904744645308527,8.0,-0.001892775475073077,0.00189277547507311,1.196917060242983e-05,-1.196917060242988e-05,0.001904744645308527
1,2.6,2.6,1.929405819414055,8.0,-0.001917278823753754,0.001917278823753787,1.212699600906027e-05,-1.212699600906027e-05,0.001929405819414055
1,2.625,2.625,1.954071162874652,8.0,-0.001941786241161952,0.001941786241161931,1.228492204443282e-05,-1.228492204443299e-05,0.001954071162874653
1,2.65,2.65,1.978740573091833,8.0,-0.001966297625272895,0.001966297625272914,1.244294813455122e-05,-1.244294813455122e-05,0.001978740573091833
1,2.675,2.675,2.003413951190711,8.0,-0.001990812877762815,0.001990812877762866,1.260107372834743e-05,-1.260107372834732e-05,0.002003413951190711
1,2.7,2.7,2.028091201842535,8.0,-0.002015331903832351,0.002015331903832346,1.275929829645898e-05,-1.275929829645914e-05,0.002028091201842535
1,2.725,2.725,2.052772233097656,8.0,-0.002039854612040176,0.002039854612040187,1.291762133035591e-05,-1.291762133035597e-05,0.002052772233097656
1,2.75,2.75,2.077456956228186,8.0,-0.002064380914147124,0.002064380914147138,1.307604234129371e-05,-1.307604234129355e-05,0.002077456956228186
1,2.775,2.775,2.102145285579674,8.0,-0.002088910724968668,0.002088910724968656,1.323456085939684e-05,-1.323456085939689e-05,0.002102145285579674
1,2.8,2.8,2.12683713843122,8.0,-0.002113443962235506,0.002113443962235539,1.339317643284701e-05,-1.339317643284706e-05,0.00212683713843122
1,2.825,2.825,2.15153243486343,8.0,-0.002137980546462942,0.002137980546462943,1.355188862701414e-05,-1.35518886270143e-05,0.00215153243486343
1,2.85,2.85,2.176231097633687,8.0,-0.002162520400826484,0.002162520400826484,1.371069702371555e-05,-1.371069702371555e-05,0.002176231097633687
1,2.875,2.875,2.200933052058297,8.0,-0.002187063451044746,0.002187063451044789,1.386960122055008e-05,-1.386960122055025e-05,0.002200933052058297
1,2.9,2.9,2.225638225901009,8.0,-0.002211609625268951,0.002211609625268961,1.402860083013193e-05,-1.402860083013209e-05,0.002225638225901009
1,2.925,2.925,2.250346549267547,8.0,-0.002236158853977654,0.002236158853977668,1.418769547946127e-05,-1.418769547946127e-05,0.002250346549267547
1,2.95,2.95,2.275057954505729,8.0,-0.002260711069877908,0.002260711069877936,1.434688480934514e-05,-1.43468848093453e-05,0.00227505795450573
1,2.975,2.975,2.299772376110868,8.0,-0.002285266207810999,0.002285266207811058,1.450616847376387e-05,-1.450616847376387e-05,0.002299772376110868
1,3.0,3.0,2.324489750636072,8.0,-0.002309824204663413,0.002309824204663399,1.466554613943058e-05,-1.466554613943063e-05,0.002324489750636072
1,3.025,3.025,2.34921001660719,8.0,-0.002334384999281902,0.002334384999281962,1.482501748510028e-05,-1.482501748510038e-05,0.00234921001660719
1,3.05,3.05,2.373933114442081,8.0,-0.002358948532394212,0.002358948532394217,1.498458220121102e-05,-1.498458220121107e-05,0.002373933114442081
1,3.075,3.075,2.398658986373978,8.0,-0.002383514746531756,0.002383514746531755,1.514423998936999e-05,-1.514423998937009e-05,0.002398658986373978
1,3.1,3.1,2.423387576378672,8.0,-0.002408083585958065,0.002408083585958147,1.530399056189302e-05,-1.530399056189308e-05,0.002423387576378672
1,3.125,3.125,2.448118830105307,8.0,-0.002432654996599615,0.002432654996599615,1.54638336414115e-05,-1.546383364141139e-05,0.002448118830105307
1,3.15,3.15,2.472852694810573,8.0,-0.002457228925980548,0.00245722892598058,1.562376896043416e-05,-1.562376896043416e-05,0.002472852694810573
1,3.175,3.175,2.497589119296089,8.0,-0.002481805323160446,0.002481805323160438,1.578379626099817e-05,-1.578379626099823e-05,0.002497589119296089
1,3.2,3.2,2.522328053848808,8.0,-0.002506384138675044,0.002506384138675144,1.594391529422933e-05,-1.594391529422933e-05,0.002522328053848809
1,3.225,3.225,2.547069450184253,8.0,-0.002530965324480106,0.002530965324480096,1.610412582013054e-05,-1.610412582013065e-05,0.002547069450184253
1,3.25,3.25,2.571813261392437,8.0,-0.002555548833896859,0.002555548833896913,1.626442760712814e-05,-1.62644276071283e-05,0.002571813261392437
1,3.275,3.275,2.596559441886317,8.0,-0.00258013462156198,0.002580134621561976,1.64248204318014e-05,-1.642482043180161e-05,0.002596559441886317
1,3.3,3.3,2.621307947352631,8.0,-0.002604722643377577,0.002604722643377574,1.658530407856024e-05,-1.658530407856003e-05,0.002621307947352631
1,3.325,3.325,2.646058734704996,8.0,-0.002629312856465227,0.002629312856465242,1.674587833942862e-05,-1.67458783394284e-05,0.002646058734704995
1,3.35,3.35,2.67081176203914,8.0,-0.002653905219121511,0.002653905219121605,1.690654301361348e-05,-1.690654301361337e-05,0.00267081176203914
1,3.375,3.375,2.695566988590155,8.0,-0.002678499690775271,0.00267849969077529,1.706729790746758e-05,-1.706729790746731e-05,0.002695566988590155
1,3.4,3.4,2.720324374691663,8.0,-0.002703096231946922,0.00270309623194694,1.722814283403745e-05,-1.722814283403777e-05,0.002720324374691663
1,3.425,3.425,2.745083881736782,8.0,-0.002727694804209924,0.002727694804209972,1.738907761289526e-05,-1.738907761289531e-05,0.002745083881736782
1,3.45,3.45,2.769845472140819,8.0,-0.002752295370153923,0.002752295370153906,1.755010206999446e-05,-1.755010206999424e-05,0.002769845472140819
1,3.475,3.475,2.794609109305584,8.0,-0.002776897893348507,0.00277689789334857,1.77112160372963e-05,-1.771121603729667e-05,0.002794609109305585
1,3.5,3.5,2.819374757585241,8.0,-0.002801502338310058,0.002801502338310086,1.787241935268923e-05,-1.787241935268923e-05,0.002819374757585241
1,3.525,3.525,2.84414238225362,8.0,-0.00282610867046873,0.002826108670468708,1.803371185972311e-05,-1.803371185972328e-05,0.00284414238225362
1,3.55,3.55,2.86891194947293,8.0,-0.002850716856137747,0.002850716856137788,1.819509340740674e-05,-1.819509340740674e-05,0.00286891194947293
1,3.575,3.575,2.893683426263774,8.0,-0.00287532686248354,0.002875326862483548,1.835656385009994e-05,-1.835656385010005e-05,0.002893683426263774
1,3.6,3.6,2.918456780476423,8.0,-0.002899938657496659,0.00289993865749666,1.851812304724993e-05,-1.851812304724983e-05,0.002918456780476423
1,3.625,3.625,2.943231980763278,8.0,-0.002924552209965292,0.002924552209965298,1.867977086328056e-05,-1.86797708632805e-05,0.002943231980763278
1,3.65,3.65,2.968008996552465,8.0,-0.002949167489448179,0.002949167489448232,1.884150716738639e-05,-1.884150716738656e-05,0.002968008996552465
1,3.675,3.675,2.992787798022502,8.0,-0.002973784466250184,0.002973784466250162,1.90033318334692e-05,-1.90033318334692e-05,0.002992787798022502
1,3.7,3.7,3.017568356077997,8.0,-0.002998403111397374,0.002998403111397384,1.916524473981481e-05,-1.916524473981459e-05,0.003017568356077997
1,3.725,3.725,3.042350642326311,8.0,-0.003023023396614366,0.003023023396614453,1.932724576914915e-05,-1.932724576914893e-05,0.003042350642326311
1,3.75,3.75,3.067134629055154,8.0,-0.003047645294302181,0.003047645294302282,1.948933480836422e-05,-1.948933480836433e-05,0.003067134629055154
1,3.775,3.775,3.091920289211071,8.0,-0.003072268777516263,0.003072268777516305,1.965151174846108e-05,-1.965151174846119e-05,0.003091920289211071
1,3.8,3.8,3.116707596378758,8.0,-0.003096893819946434,0.003096893819946427,1.981377648433205e-05,-1.981377648433216e-05,0.003116707596378758
1,3.825,3.825,3.141496524761192,8.0,-0.003121520395896693,0.003121520395896741,1.997612891480765e-05,-1.997612891480776e-05,0.003141496524761192
1,3.85,3.85,3.166287049160523,8.0,-0.003146148480267008,0.003146148480267025,2.013856894231606e-05,-2.013856894231584e-05,0.003166287049160523
1,3.875,3.875,3.1910791449597,8.0,-0.003170778048534051,0.003170778048534079,2.030109647298143e-05,-2.030109647298143e-05,0.0031910791449597
1,3.9,3.9,3.215872788104788,8.0,-0.003195409076734324,0.003195409076734383,2.046371141634844e-05,-2.046371141634822e-05,0.003215872788104788
1,3.925,3.925,3.240667955087965,8.0,-0.003220041541447172,0.003220041541447157,2.06264136854142e-05,-2.06264136854142e-05,0.003240667955087965
1,3.95,3.95,3.265464622931136,8.0,-0.003244675419777909,0.003244675419777897,2.07892031964099e-05,-2.078920319641001e-05,0.003265464622931136
1,3.975,3.975,3.290262769170176,8.0,-0.003269310689343219,0.00326931068934329,2.095207986881021e-05,-2.095207986881021e-05,0.003290262769170176
1,4.0,4.0,3.31506237183974,8.0,-0.003293947328255276,0.003293947328255266,2.111504362516093e-05,-2.111504362516071e-05,0.00331506237183974
1,4.025,4.025,3.339863409458633,8.0,-0.003318585315107092,0.003318585315107142,2.12780943910075e-05,-2.127809439100761e-05,0.003339863409458633
1,4.05,4.05,3.364665861015713,8.0,-0.003343224628959307,0.003343224628959256,2.144123209482836e-05,-2.144123209482825e-05,0.003364665861015713
1,4.075,4.075,3.389469705956305,8.0,-0.00336786524932553,0.003367865249325633,2.160445666797692e-05,-2.160445666797703e-05,0.003389469705956306
1,4.100000000000001,4.100000000000001,3.414274924169091,8.0,-0.003392507156160685,0.003392507156160709,2.176776804453011e-05,-2.176776804452968e-05,0.003414274924169091
1,4.125,4.125,3.43908149597348,8.0,-0.003417150329847241,0.003417150329847363,2.193116616122496e-05,-2.193116616122474e-05,0.00343908149597348
1,4.15,4.15,3.463889402107415,8.0,-0.003441794751184113,0.003441794751184141,2.20946509574563e-05,-2.209465095745619e-05,0.003463889402107415
1,4.175,4.175,3.488698623715611,8.0,-0.003466440401373561,0.003466440401373618,2.225822237520011e-05,-2.225822237520011e-05,0.003488698623715611
1,4.2,4.2,3.513509142338207,8.0,-0.003491087262011638,0.003491087262011684,2.242188035876159e-05,-2.242188035876148e-05,0.003513509142338206
1,4.225000000000001,4.225000000000001,3.538320939899791,8.0,-0.003515735315076207,0.003515735315076194,2.258562485500301e-05,-2.258562485500312e-05,0.003538320939899791
1,4.25,4.25,3.563133998698836,8.0,-0.003540384542916386,0.003540384542916426,2.274945581295083e-05,-2.274945581295061e-05,0.003563133998698836
1,4.275,4.275,3.587948301397467,8.0,-0.003565034928242894,0.003565034928243006,2.291337318408037e-05,-2.291337318408027e-05,0.003587948301397467
1,4.3,4.3,3.612763831011584,8.0,-0.003589686454118612,0.003589686454118632,2.307737692193825e-05,-2.307737692193836e-05,0.003612763831011584
1,4.325,4.325,3.637580570901323,8.0,-0.003614339103947151,0.003614339103947074,2.324146698233639e-05,-2.324146698233628e-05,0.003637580570901323
1,4.350000000000001,4.350000000000001,3.66239850476183,8.0,-0.003638992861466073,0.003638992861466099,2.340564332310995e-05,-2.340564332310984e-05,0.00366239850476183
1,4.375,4.375,3.68721761661434,8.0,-0.003663647710736795,0.0036636477107368,2.356990590418519e-05,-2.356990590418519e-05,0.00368721761661434
1,4.4,4.4,3.712037890797564,8.0,-0.003688303636136037,0.003688303636136058,2.373425468745177e-05,-2.373425468745177e-05,0.003712037890797564
1,4.425,4.425,3.736859311959337,8.0,-0.003712960622347827,0.003712960622347872,2.389868963674588e-05,-2.389868963674664e-05,0.003736859311959337
1,4.45,4.45,3.761681865048552,8.0,-0.00373761865435529,0.003737618654355367,2.406321071777879e-05,-2.406321071777868e-05,0.003761681865048552
1,4.475000000000001,4.475000000000001,3.786505535307361,8.0,-0.003762277717433204,0.003762277717433168,2.422781789817165e-05,-2.422781789817186e-05,0.003786505535307361
1,4.5,4.5,3.811330308263601,8.0,-0.003786937797139678,0.003786937797139712,2.439251114723666e-05,-2.43925111472372e-05,0.003811330308263601
1,4.525,4.525,3.836156169723501,8.0,-0.003811598879310152,0.003811598879310161,2.45572904361064e-05,-2.455729043610543e-05,0.003836156169723501
1,4.55,4.55,3.860983105764579,8.0,-0.003836260950049075,0.00383626095004907,2.472215573765966e-05,-2.472215573766021e-05,0.00386098310576458
1,4.575,4.575,3.885811102728797,8.0,-0.003860923995723908,0.003860923995724,2.488710702635872e-05,-2.488710702635861e-05,0.003885811102728798
1,4.600000000000001,4.600000000000001,3.910640147215911,8.0,-0.003885588002958573,0.003885588002958679,2.505214427833019e-05,-2.505214427832997e-05,0.003910640147215911
1,4.625,4.625,3.935470226077031,8.0,-0.003910252958626126,0.003910252958626157,2.521726747127474e-05,-2.521726747127528e-05,0.003935470226077031
1,4.65,4.65,3.960301326408393,8.0,-0.003934918849843982,0.003934918849843965,2.538247658449334e-05,-2.538247658449237e-05,0.003960301326408393
1,4.675,4.675,3.985133435545301,8.0,-0.003959585663966037,0.003959585663966171,2.554777159873001e-05,-2.554777159873012e-05,0.003985133435545301
1,4.7,4.7,4.009966541056281,8.0,-0.003984253388578773,0.003984253388578897,2.571315249626335e-05,-2.571315249626314e-05,0.004009966541056281
1,4.725000000000001,4.725000000000001,4.034800630737384,8.0,-0.004008922011495386,0.004008922011495328,2.587861926077223e-05,-2.587861926077201e-05,0.004034800630737384
1,4.75,4.75,4.059635692606684,8.0,-0.004033591520747448,0.004033591520747539,2.604417187734517e-05,-2.604417187734506e-05,0.004059635692606684
1,4.775,4.775,4.084471714898937,8.0,-0.004058261904584248,0.004058261904584178,2.620981033250695e-05,-2.620981033250695e-05,0.004084471714898937
1,4.800000000000001,4.800000000000001,4.109308686060382,8.0,-0.004082933151463686,0.00408293315146365,2.637553461404491e-05,-2.637553461404436e-05,0.004109308686060382
1,4.825,4.825,4.134146594743723,8.0,-0.004107605250049384,0.004107605250049352,2.654134471109175e-05,-2.654134471109185e-05,0.004134146594743723
1,4.850000000000001,4.850000000000001,4.158985429803242,8.0,-0.004132278189205474,0.004132278189205571,2.670724061410844e-05,-2.670724061410844e-05,0.004158985429803242
1,4.875,4.875,4.183825180290055,8.0,-0.004156951957991484,0.004156951957991465,2.687322231478449e-05,-2.687322231478481e-05,0.004183825180290056
1,4.9,4.9,4.208665835447522,8.0,-0.004181626545657013,0.004181626545657167,2.703928980596186e-05,-2.703928980596175e-05,0.004208665835447521
1,4.925000000000001,4.925000000000001,4.233507384706764,8.0,-0.0042063019416404,0.004206301941640311,2.72054430817476e-05,-2.720544308174727e-05,0.004233507384706764
1,4.95,4.95,4.258349817682336,8.0,-0.004230978135559837,0.004230978135559976,2.737168213747269e-05,-2.737168213747324e-05,0.004258349817682336
1,4.975000000000001,4.975000000000001,4.283193124168015,8.0,-0.004255655117213042,0.004255655117213196,2.753800696955635e-05,-2.753800696955657e-05,0.004283193124168016
1,5.0,5.0,4.308037294132691,8.0,-0.004280332876571591,0.004280332876571678,2.770441757548778e-05,-2.7704417575488e-05,0.004308037294132691
2,0.0,0.0,1.079999984662573e-10,8.0,-8.020799999954904e-12,8.020799999954904e-12,-8.010000000108278e-12,8.010000000108278e-12,1.079999984662573e-14
2,0.025,0.025,4.630077249372481e-10,8.0,-8.013385359116034e-12,8.013385359116032e-12,-7.959891408366282e-12,7.959891408366282e-12,4.630077249372481e-14
2,0.05,0.05,1.249985635762382e-09,8.0,-8.034604496605717e-12,8.034604496605717e-12,-7.909605933029479e-12,7.909605933029477e-12,1.249985635762382e-13
2,0.07500000000000001,0.07500000000000001,2.722255784608857e-09,8.0,-8.131081029997919e-12,8.131081029997917e-12,-7.858855451537032e-12,7.858855451537032e-12,2.722255784608857e-13
2,0.1,0.1,6.184720065002067e-09,8.0,-8.425354530261317e-12,8.425354530261319e-12,-7.80688252376111e-12,7.80688252376111e-12,6.184720065002067e-13
2,0.125,0.125,1.487796260508134e-08,8.0,-9.239492190777226e-12,9.239492190777226e-12,-7.751695930269066e-12,7.751695930269064e-12,1.487796260508134e-12
2,0.15,0.15,3.731911626643489e-08,8.0,-1.14199726274774e-11,1.141997262747739e-11,-7.688061000833393e-12,7.688061000833393e-12,3.731911626643489e-12
2,0.175,0.175,9.589342977411918e-08,8.0,-1.719155946121952e-11,1.719155946121951e-11,-7.602216483798401e-12,7.602216483798401e-12,9.589342977411919e-12
2,0.2,0.2,2.494346094568826e-07,8.0,-3.240144717442124e-11,3.240144717442125e-11,-7.457986228566233e-12,7.457986228566233e-12,2.494346094568826e-11
2,0.225,0.225,6.525675596259803e-07,8.0,-7.241702724530043e-11,7.241702724530034e-11,-7.160271279674663e-12,7.160271279674663e-12,6.525675596259804e-11
2,0.25,0.25,1.711645475990653e-06,8.0,-1.776236422212227e-10,1.776236422212227e-10,-6.459094567198618e-12,6.45909456719862e-12,1.711645475990653e-10
2,0.275,0.275,4.494374504799603e-06,8.0,-4.541349331240376e-10,4.541349331240377e-10,-4.697481646852086e-12,4.697481646852092e-12,4.494374504799603e-10
2,0.3,0.3,1.180489473857313e-05,8.0,-1.180639099348206e-09,1.180639099348209e-09,-1.496074140056221e-13,1.496074140056092e-13,1.180489473857313e-09
2,0.325,0.325,3.099887631639311e-05,8.0,-3.088175289097117e-09,3.088175289097121e-09,1.171266939023909e-11,-1.171266939023909e-11,3.099887631639311e-09
2,0.35,0.35,8.131020236685311e-05,8.0,-8.08829362534095e-09,8.08829362534094e-09,4.273248168922203e-11,-4.273248168922203e-11,8.131020236685311e-09
2,0.375,0.375,0.0002126171904318934,8.0,-2.113819291358639e-08,2.113819291358645e-08,1.236297426343647e-10,-1.236297426343649e-10,2.126171904318934e-08
2,0.4,0.4,0.000551538881979982,8.0,-5.482148373729865e-08,5.482148373729856e-08,3.324044607118963e-10,-3.324044607118963e-10,5.51538881979982e-08
2,0.425,0.425,0.001402665324202496,8.0,-1.394097868434932e-07,1.39409786843493e-07,8.567455836913027e-10,-8.567455836913011e-10,1.402665324202496e-07
2,0.45,0.45,0.003411144508274552,8.0,-3.390201402678397e-07,3.3902014026784e-07,2.094312713218258e-09,-2.094312713218258e-09,3.411144508274552e-07
2,0.475,0.475,0.007619258496594478,8.0,-7.572382195301748e-07,7.572382195301759e-07,4.687844719127675e-09,-4.687844719127689e-09,7.619258496594478e-07
2,0.5,0.5,0.01503416115397896,8.0,-1.494161150510812e-06,1.494161150510813e-06,9.2590439875692e-09,-9.259043987569174e-09,1.503416115397896e-06
2,0.525,0.525,0.02592982913106992,8.0,-2.577018594460071e-06,2.57701859446007e-06,1.597819573220379e-08,-1.597819573220379e-08,2.592982913106992e-06
2,0.55,0.55,0.03982514175488461,8.0,-3.957977343619083e-06,3.957977343619063e-06,2.455002162112112e-08,-2.455002162112123e-08,3.982514175488461e-06
2,0.5750000000000001,0.5750000000000001,0.05600214230093992,8.0,-5.565687444372184e-06,5.565687444372189e-06,3.453302658490801e-08,-3.453302658490791e-08,5.600214230093992e-06
2,0.6000000000000001,0.6000000000000001,0.0738431735912688,8.0,-7.338772373634929e-06,7.338772373634954e-06,4.554721269868029e-08,-4.554721269868019e-08,7.38431735912688e-06
2,0.625,0.625,0.0928993207458026,8.0,-9.232616527286874e-06,9.232616527286818e-06,5.731629265937882e-08,-5.731629265937903e-08,9.28993207458026e-06
2,0.65,0.65,0.1128593487028309,8.0,-1.121628643655892e-05,1.121628643655885e-05,6.964869066849868e-08,-6.964869066849868e-08,1.128593487028309e-05
2,0.675,0.675,0.1335076301213835,8.0,-1.326835142607957e-05,1.326835142607962e-05,8.241168047538016e-08,-8.241168047538058e-08,1.335076301213835e-05
2,0.7000000000000001,0.7000000000000001,0.1546922732353126,8.0,-1.537371559014422e-05,1.537371559014421e-05,9.551177068778048e-08,-9.551177068778048e-08,1.546922732353127e-05
2,0.7250000000000001,0.7250000000000001,0.1763038890588953,8.0,-1.752150728705269e-05,1.752150728705276e-05,1.088816346513569e-07,-1.088816346513569e-07,1.763038890588953e-05
2,0.75,0.75,0.1982618792617865,8.0,-1.970371626401548e-05,1.970371626401549e-05,1.224716693187835e-07,-1.224716693187835e-07,1.982618792617865e-05
2,0.775,0.775,0.2205055594423764,8.0,-2.191431141703858e-05,2.191431141703851e-05,1.362445306319243e-07,-1.362445306319247e-07,2.205055594423764e-05
2,0.8,0.8,0.2429883245495721,8.0,-2.414866091506366e-05,2.414866091506371e-05,1.501715416283988e-07,-1.501715416283975e-07,2.429883245495721e-05
2,0.8250000000000001,0.8250000000000001,0.2656737370474151,8.0,-2.640314342144652e-05,2.640314342144638e-05,1.642302842134788e-07,-1.642302842134796e-07,2.656737370474152e-05
2,0.8500000000000001,0.8500000000000001,0.2885328487016759,8.0,-2.867488192029072e-05,2.867488192029073e-05,1.784029503834617e-07,-1.784029503834609e-07,2.885328487016759e-05
2,0.875,0.875,0.311542328996652,8.0,-3.09615577099155e-05,3.09615577099153e-05,1.926751900397664e-07,-1.926751900397672e-07,3.11542328996652e-05
2,0.9,0.9,0.3346831316403982,8.0,-3.326127787413899e-05,3.326127787413897e-05,2.070352900721111e-07,-2.070352900721102e-07,3.346831316403982e-05
2,0.925,0.925,0.3579392865628016,8.0,-3.557247913780776e-05,3.55724791378078e-05,2.214735788281763e-07,-2.214735788281763e-07,3.579392865628016e-05
2,0.9500000000000001,0.9500000000000001,0.3812981976918119,8.0,-3.789385694789415e-05,3.78938569478943e-05,2.359819868407281e-07,-2.359819868407264e-07,3.812981976918119e-05
2,0.9750000000000001,0.9750000000000001,0.4047485085666837,8.0,-4.022431235376454e-05,4.022431235376439e-05,2.505537178133857e-07,-2.505537178133857e-07,4.047485085666836e-05
2,1.0,1.0,0.4282808237195336,8.0,-4.256291165845717e-05,4.25629116584571e-05,2.651829987143901e-07,-2.651829987143892e-07,4.282808237195336e-05
2,1.025,1.025,0.4518871023673818,8.0,-4.490885537112156e-05,4.490885537112162e-05,2.798648874844637e-07,-2.798648874844629e-07,4.518871023673818e-05
2,1.05,1.05,0.4755604090399763,8.0,-4.726145403195726e-05,4.726145403195735e-05,2.945951233143677e-07,-2.945951233143668e-07,4.755604090399763e-05
2,1.075,1.075,0.4992947233892916,8.0,-4.962010918148786e-05,4.962010918148832e-05,3.093700087873455e-07,-3.093700087873438e-07,4.992947233892916e-05
2,1.1,1.1,0.5230847881035914,8.0,-5.198429822766363e-05,5.198429822766355e-05,3.241863161634555e-07,-3.241863161634546e-07,5.230847881035914e-05
2,1.125,1.125,0.5469259867926948,8.0,-5.435356229972202e-05,5.435356229972229e-05,3.390412121634694e-07,-3.390412121634677e-07,5.469259867926948e-05
2,1.15,1.15,0.5708142451131943,8.0,-5.672749641473561e-05,5.672749641473536e-05,3.539321970772612e-07,-3.539321970772629e-07,5.708142451131944e-05
2,1.175,1.175,0.5947459500662892,8.0,-5.910574145237242e-05,5.910574145237232e-05,3.688570550702162e-07,-3.688570550702145e-07,5.947459500662892e-05
2,1.2,1.2,0.6187178836360124,8.0,-6.148797755630049e-05,6.148797755630046e-05,3.838138133271975e-07,-3.838138133271991e-07,6.187178836360125e-05
2,1.225,1.225,0.6427271678394091,8.0,-6.387391867072054e-05,6.387391867072015e-05,3.988007082231042e-07,-3.988007082231025e-07,6.427271678394091e-05
2,1.25,1.25,0.6667712189299633,8.0,-6.626330798725332e-05,6.626330798725298e-05,4.138161571339881e-07,-4.138161571339898e-07,6.667712189299633e-05
2,1.275,1.275,0.6908477089969504,8.0,-6.865591412731588e-05,6.865591412731625e-05,4.28858734803098e-07,-4.28858734803098e-07,6.908477089969504e-05
2,1.3,1.3,0.714954533582261,8.0,-7.105152792287548e-05,7.105152792287555e-05,4.439271534096148e-07,-4.439271534096148e-07,7.14954533582261e-05
2,1.325,1.325,0.7390897842251128,8.0,-7.344995968716498e-05,7.344995968716492e-05,4.590202456741728e-07,-4.590202456741728e-07,7.390897842251129e-05
2,1.35,1.35,0.7632517250671284,8.0,-7.585103688911984e-05,7.58510368891197e-05,4.74136950461377e-07,-4.74136950461377e-07,7.632517250671284e-05
2,1.375,1.375,0.7874387728223539,8.0,-7.825460216234325e-05,7.825460216234292e-05,4.892763004577516e-07,-4.892763004577549e-07,7.874387728223538e-05
2,1.4,1.4,0.811649479551143,8.0,-8.066051159282082e-05,8.066051159282129e-05,5.044374115722394e-07,-5.044374115722411e-07,8.11649479551143e-05
2,1.425,1.425,0.8358825177824436,8.0,-8.306863324010309e-05,8.306863324010298e-05,5.196194737831979e-07,-5.196194737831996e-07,8.358825177824436e-05
2,1.45,1.45,0.8601366676126456,8.0,-8.547884585495547e-05,8.547884585495547e-05,5.348217432018845e-07,-5.348217432018845e-07,8.601366676126457e-05
2,1.475,1.475,0.8844108054757289,8.0,-8.789103776317333e-05,8.789103776317303e-05,5.500435351639804e-07,-5.500435351639787e-07,8.84410805475729e-05
2,1.5,1.5,0.9087038943328157,8.0,-9.030510589046106e-05,9.030510589046157e-05,5.652842181964503e-07,-5.652842181964486e-07,9.087038943328158e-05
2,1.525,1.525,0.9330149750722362,8.0,-9.272095490766435e-05,9.272095490766452e-05,5.805432087274224e-07,-5.805432087274139e-07,9.330149750722362e-05
2,1.55,1.55,0.9573431589460696,8.0,-9.51384964790105e-05,9.513849647900989e-05,5.95819966434124e-07,-5.95819966434124e-07,9.573431589460696e-05
2,1.575,1.575,0.9816876208975027,8.0,-9.755764859890013e-05,9.755764859890004e-05,6.111139901393607e-07,-6.111139901393607e-07,9.816876208975027e-05
2,1.6,1.6,1.006047593656584,8.0,-9.997833500508067e-05,9.997833500508057e-05,6.264248141805561e-07,-6.264248141805545e-07,0.0001006047593656584
2,1.625,1.625,1.030422362501065,8.0,-0.0001024004846579161,0.0001024004846579166,6.417520051898521e-07,-6.417520051898453e-07,0.0001030422362501065
2,1.65,1.65,1.054811260594792,8.0,-0.0001048240312770763,0.0001048240312770779,6.570951592216558e-07,-6.570951592216524e-07,0.0001054811260594792
2,1.675,1.675,1.079213664829245,8.0,-0.000107248912928213,0.0001072489129282141,6.724538992070772e-07,-6.724538992070755e-07,0.0001079213664829245
2,1.7,1.7,1.103628992104678,8.0,-0.0001096750716533647,0.0001096750716533667,6.878278726537043e-07,-6.87827872653706e-07,0.0001103628992104678
2,1.725,1.725,1.128056695996497,8.0,-0.0001121024531396137,0.0001121024531396139,7.032167496064866e-07,-7.032167496064866e-07,0.0001128056695996497
2,1.75,1.75,1.152496263760151,8.0,-0.0001145310064214105,0.0001145310064214107,7.186202208024971e-07,-7.186202208024937e-07,0.0001152496263760151
2,1.775,1.775,1.176947213634254,8.0,-0.0001169606836125374,0.0001169606836125373,7.340379960139246e-07,-7.340379960139246e-07,0.0001176947213634255
2,1.8,1.8,1.201409092407147,8.0,-0.0001193914396642546,0.000119391439664255,7.494698025496284e-07,-7.494698025496284e-07,0.0001201409092407147
2,1.825,1.825,1.225881473216727,8.0,-0.0001218232321466232,0.0001218232321466244,7.649153839073507e-07,-7.649153839073473e-07,0.0001225881473216727
2,1.85,1.85,1.250363953557307,8.0,-0.000124256021050418,0.0001242560210504187,7.803744985454721e-07,-7.803744985454721e-07,0.0001250363953557307
2,1.875,1.875,1.274856153470646,8.0,-0.0001266897686073281,0.0001266897686073292,7.958469187703284e-07,-7.958469187703318e-07,0.0001274856153470646
2,1.9,1.9,1.29935771390117,8.0,-0.0001291244391264986,0.0001291244391264996,8.113324297304507e-07,-8.113324297304541e-07,0.000129935771390117
2,1.925,1.925,1.323868295197892,8.0,-0.0001315599988456293,0.0001315599988456308,8.268308284897857e-07,-8.268308284897891e-07,0.0001323868295197892
2,1.95,1.95,1.348387575747635,8.0,-0.0001339964157951439,0.0001339964157951444,8.423419231903225e-07,-8.423419231903394e-07,0.0001348387575747635
2,1.975,1.975,1.372915250726054,8.0,-0.0001364336596740481,0.0001364336596740491,8.578655322881197e-07,-8.578655322881434e-07,0.0001372915250726054
2,2.0,2.0,1.397451030954507,8.0,-0.0001388717017363223,0.0001388717017363229,8.734014838420756e-07,-8.734014838420926e-07,0.0001397451030954508
2,2.025,2.025,1.421994641852228,8.0,-0.0001413105146867797,0.0001413105146867818,8.88949614883058e-07,-8.889496148830613e-07,0.0001421994641852229
2,2.05,2.05,1.446545822474452,8.0,-0.0001437500725854791,0.000143750072585482,9.045097708088411e-07,-9.045097708088615e-07,0.0001446545822474452
2,2.075,2.075,1.471104324628196,8.0,-0.0001461903507598179,0.0001461903507598204,9.200818048520816e-07,-9.200818048520884e-07,0.0001471104324628196
2,2.1,2.1,1.495669912058312,8.0,-0.00014863132572367,0.0001486313257236693,9.356655775726944e-07,-9.356655775727012e-07,0.0001495669912058312
2,2.125,2.125,1.520242359697244,8.0,-0.0001510729751027923,0.0001510729751027924,9.512609564027184e-07,-9.512609564027251e-07,0.0001520242359697244
2,2.15,2.15,1.544821452972596,8.0,-0.0001535152775660256,0.0001535152775660259,9.66867815217379e-07,-9.668678152173824e-07,0.0001544821452972596
2,2.175,2.175,1.569406987167286,8.0,-0.0001559582127616914,0.0001559582127616944,9.824860339433456e-07,-9.824860339433558e-07,0.0001569406987167286
2,2.2,2.2,1.593998766827558,8.0,-0.0001584017612587703,0.0001584017612587715,9.981154981955205e-07,-9.981154981955273e-07,0.0001593998766827558
2,2.225,2.225,1.618596605214649,8.0,-0.0001608459044923818,0.0001608459044923821,1.013756098937771e-06,-1.013756098937771e-06,0.0001618596605214649
2,2.25,2.25,1.643200323796301,8.0,-0.0001632906247132672,0.0001632906247132694,1.029407732174632e-06,-1.029407732174649e-06,0.0001643200323796301
2,2.275,2.275,1.667809751774708,8.0,-0.0001657359049408742,0.000165735904940874,1.045070298660394e-06,-1.045070298660408e-06,0.0001667809751774708
2,2.3,2.3,1.692424725647821,8.0,-0.0001681817289197265,0.000168181728919728,1.060743703624942e-06,-1.060743703624949e-06,0.0001692424725647821
2,2.325,2.325,1.717045088801223,8.0,-0.0001706280810789117,0.0001706280810789133,1.076427856530229e-06,-1.076427856530236e-06,0.0001717045088801223
2,2.35,2.35,1.741670691128064,8.0,-0.0001730749464942619,0.0001730749464942645,1.092122670832831e-06,-1.092122670832838e-06,0.0001741670691128064
2,2.375,2.375,1.766301388674777,8.0,-0.0001755223108531809,0.0001755223108531821,1.107828063766215e-06,-1.107828063766226e-06,0.0001766301388674777
2,2.4,2.4,1.790937043310504,8.0,-0.0001779701604217414,0.0001779701604217423,1.123543956141319e-06,-1.123543956141329e-06,0.0001790937043310504
2,2.425,2.425,1.815577522418371,8.0,-0.0001804184820140553,0.0001804184820140541,1.139270272151922e-06,-1.139270272151926e-06,0.0001815577522418371
2,2.45,2.45,1.840222698606892,8.0,-0.00018286726296355,0.0001828672629635536,1.15500693920147e-06,-1.155006939201477e-06,0.0001840222698606892
2,2.475,2.475,1.864872449439957,8.0,-0.0001853164910961651,0.0001853164910961667,1.170753887735856e-06,-1.170753887735866e-06,0.0001864872449439957
2,2.5,2.5,1.889526657183995,8.0,-0.000187766154705199,0.0001877661547051994,1.186511051087667e-06,-1.186511051087691e-06,0.0001889526657183995
2,2.525,2.525,1.914185208571006,8.0,-0.0001902162425277548,0.0001902162425277588,1.202278365332497e-06,-1.2022783653325e-06,0.0001914185208571007
2,2.55,2.55,1.938847994576304,8.0,-0.0001926667437226852,0.0001926667437226899,1.218055769151745e-06,-1.218055769151749e-06,0.0001938847994576304
2,2.575,2.575,1.963514910209871,8.0,-0.000195117647849824,0.0001951176478498267,1.233843203703942e-06,-1.233843203703956e-06,0.0001963514910209871
2,2.6,2.6,1.988185854320348,8.0,-0.0001975689448505021,0.0001975689448505058,1.249640612503143e-06,-1.249640612503136e-06,0.0001988185854320348
2,2.625,2.625,2.012860729410765,8.0,-0.0002000206250292597,0.0002000206250292621,1.26544794131106e-06,-1.265447941311074e-06,0.0002012860729410765
2,2.65,2.65,2.03753944146515,8.0,-0.0002024726790365895,0.0002024726790365901,1.281265138024065e-06,-1.281265138024088e-06,0.000203753944146515
2,2.675,2.675,2.062221899785289,8.0,-0.0002049250978527484,0.0002049250978527512,1.297092152576647e-06,-1.297092152576678e-06,0.000206222189978529
2,2.7,2.7,2.08690801683692,8.0,-0.0002073778727724046,0.0002073778727724063,1.312928936848518e-06,-1.312928936848535e-06,0.000208690801683692
2,2.725,2.725,2.111597708104705,8.0,-0.0002098309953902956,0.000209830995390295,1.328775444572254e-06,-1.328775444572254e-06,0.0002111597708104705
2,2.75,2.75,2.136290891955404,8.0,-0.0002122844575875825,0.0002122844575875869,1.344631631251628e-06,-1.344631631251662e-06,0.0002136290891955404
2,2.775,2.775,2.160987489508698,8.0,-0.0002147382515190512,0.0002147382515190482,1.360497454080506e-06,-1.360497454080533e-06,0.0002160987489508698
2,2.8,2.8,2.185687424515148,8.0,-0.0002171923696009277,0.0002171923696009292,1.376372871869335e-06,-1.376372871869348e-06,0.0002185687424515148
2,2.825,2.825,2.210390623240823,8.0,-0.0002196468044994536,0.000219646804499459,1.392257844973918e-06,-1.392257844973931e-06,0.0002210390623240823
2,2.85,2.85,2.235097014358175,8.0,-0.0002221015491200573,0.0002221015491200597,1.408152335229735e-06,-1.408152335229742e-06,0.0002235097014358175
2,2.875,2.875,2.259806528842753,8.0,-0.0002245565965970329,0.0002245565965970317,1.424056305887306e-06,-1.42405630588734e-06,0.0002259806528842753
2,2.9,2.9,2.284519099875383,8.0,-0.000227011940283843,0.0002270119402838412,1.439969721551198e-06,-1.439969721551211e-06,0.0002284519099875383
2,2.925,2.925,2.30923466274948,8.0,-0.0002294675737439383,0.0002294675737439385,1.455892548122947e-06,-1.455892548122981e-06,0.000230923466274948
2,2.95,2.95,2.333953154783166,8.0,-0.0002319234907419629,0.0002319234907419626,1.471824752756331e-06,-1.471824752756338e-06,0.0002333953154783166
2,2.975,2.975,2.358674515235898,8.0,-0.0002343796852355313,0.0002343796852355346,1.487766303787875e-06,-1.487766303787889e-06,0.0002358674515235898
2,3.0,3.0,2.383398685229339,8.0,-0.0002368361513673152,0.0002368361513673204,1.503717170707798e-06,-1.503717170707805e-06,0.0002383398685229339
2,3.025,3.025,2.408125607672211,8.0,-0.0002392928834576077,0.0002392928834576098,1.519677324100205e-06,-1.519677324100219e-06,0.0002408125607672211
2,3.05,3.05,2.432855227188883,8.0,-0.0002417498759972013,0.000241749875997201,1.535646735606317e-06,-1.535646735606331e-06,0.0002432855227188883
2,3.075,3.075,2.457587490051499,8.0,-0.0002442071236406392,0.0002442071236406414,1.551625377877738e-06,-1.551625377877738e-06,0.0002457587490051499
2,3.1,3.1,2.482322344115408,8.0,-0.0002466646211998422,0.0002466646211998412,1.567613224546555e-06,-1.567613224546588e-06,0.0002482322344115408
2,3.125,3.125,2.50705973875773,8.0,-0.0002491223636379471,0.0002491223636379491,1.583610250175352e-06,-1.583610250175332e-06,0.000250705973875773
2,3.15,3.15,2.531799624818858,8.0,-0.0002515803460635332,0.0002515803460635338,1.599616430228025e-06,-1.599616430228012e-06,0.0002531799624818858
2,3.175,3.175,2.556541954546748,8.0,-0.0002540385637250682,0.0002540385637250682,1.6156317410352e-06,-1.615631741035193e-06,0.0002556541954546749
2,3.2,3.2,2.581286681543821,8.0,-0.0002564970120056201,0.0002564970120056157,1.63165615976402e-06,-1.631656159764013e-06,0.0002581286681543821
2,3.225,3.225,2.606033760716345,8.0,-0.0002589556864178374,0.0002589556864178397,1.647689664379892e-06,-1.647689664379878e-06,0.0002606033760716345
2,3.25,3.25,2.630783148226155,8.0,-0.0002614145825991995,0.0002614145825991965,1.663732233623847e-06,-1.66373223362386e-06,0.0002630783148226155
2,3.275,3.275,2.655534801444582,8.0,-0.0002638736963073082,0.0002638736963073078,1.679783846982827e-06,-1.679783846982827e-06,0.0002655534801444582
2,3.3,3.3,2.68028867890847,8.0,-0.0002663330234156658,0.0002663330234156667,1.695844484656428e-06,-1.695844484656428e-06,0.000268028867890847
2,3.325,3.325,2.705044740278175,8.0,-0.0002687925599094074,0.0002687925599094083,1.711914127544064e-06,-1.711914127544057e-06,0.0002705044740278175
2,3.35,3.35,2.729802946297431,8.0,-0.000271252301881339,0.0002712523018813405,1.727992757206742e-06,-1.727992757206742e-06,0.0002729802946297431
2,3.375,3.375,2.754563258754991,8.0,-0.0002737122455281418,0.0002737122455281432,1.744080355855693e-06,-1.744080355855679e-06,0.0002754563258754991
2,3.4,3.4,2.779325640447947,8.0,-0.000276172387146674,0.0002761723871466767,1.760176906315806e-06,-1.760176906315806e-06,0.0002779325640447947
2,3.425,3.425,2.804090055146639,8.0,-0.0002786327231305563,0.0002786327231305633,1.776282392017686e-06,-1.776282392017693e-06,0.0002804090055146639
2,3.45,3.45,2.828856467561085,8.0,-0.0002810932499667795,0.0002810932499667773,1.792396796972266e-06,-1.792396796972259e-06,0.0002828856467561085
2,3.475,3.475,2.853624843308832,8.0,-0.0002835539642325122,0.0002835539642325159,1.808520105746076e-06,-1.808520105746049e-06,0.0002853624843308832
2,3.5,3.5,2.878395148884169,8.0,-0.0002860148625920961,0.0002860148625920992,1.824652303449687e-06,-1.824652303449633e-06,0.0002878395148884169
2,3.525,3.525,2.903167351628645,8.0,-0.0002884759417940419,0.0002884759417940443,1.840793375717149e-06,-1.840793375717143e-06,0.0002903167351628645
2,3.55,3.55,2.92794141970279,8.0,-0.0002909371986682535,0.0002909371986682556,1.856943308686572e-06,-1.856943308686538e-06,0.000292794141970279
2,3.575,3.575,2.952717322059032,8.0,-0.0002933986301233635,0.0002933986301233651,1.873102088984741e-06,-1.873102088984727e-06,0.0002952717322059032
2,3.6,3.6,2.977495028415698,8.0,-0.0002958602331440963,0.0002958602331440966,1.889269703715106e-06,-1.889269703715072e-06,0.0002977495028415697
2,3.625,3.625,3.002274509232087,8.0,-0.0002983220047888049,0.0002983220047888064,1.905446140436853e-06,-1.905446140436785e-06,0.0003002274509232087
2,3.65,3.65,3.027055735684539,8.0,-0.0003007839421871328,0.0003007839421871409,1.921631387152052e-06,-1.921631387151977e-06,0.000302705573568454
2,3.675,3.675,3.051838679643467,8.0,-0.0003032460425377095,0.0003032460425377107,1.937825432293268e-06,-1.937825432293241e-06,0.0003051838679643468
2,3.7,3.7,3.076623313651295,8.0,-0.0003057083031058894,0.0003057083031058974,1.954028264705438e-06,-1.954028264705384e-06,0.0003076623313651295
2,3.725,3.725,3.10140961090126,8.0,-0.0003081707212217802,0.0003081707212217822,1.970239873642437e-06,-1.970239873642389e-06,0.000310140961090126
2,3.75,3.75,3.126197545217055,8.0,-0.0003106332942780995,0.0003106332942781003,1.986460248743161e-06,-1.986460248743079e-06,0.0003126197545217056
2,3.775,3.775,3.150987091033255,8.0,-0.0003130960197282803,0.0003130960197282787,2.002689380028627e-06,-2.00268938002862e-06,0.0003150987091033256
2,3.8,3.8,3.175778223376482,8.0,-0.0003155588950845903,0.0003155588950845927,2.018927257883181e-06,-2.018927257883114e-06,0.0003175778223376482
2,3.825,3.825,3.200570917847308,8.0,-0.0003180219179163626,0.0003180219179163578,2.035173873048029e-06,-2.035173873048016e-06,0.0003200570917847309
2,3.85,3.85,3.22536515060284,8.0,-0.0003204850858482128,0.0003204850858482152,2.05142921661275e-06,-2.051429216612703e-06,0.000322536515060284
2,3.875,3.875,3.250160898339946,8.0,-0.0003229483965584007,0.0003229483965584033,2.067693279997957e-06,-2.067693279997937e-06,0.0003250160898339946
2,3.9,3.9,3.274958138279123,8.0,-0.000325411847777235,0.0003254118477772349,2.083966054950655e-06,-2.083966054950608e-06,0.0003274958138279123
2,3.925,3.925,3.29975684814895,8.0,-0.0003278754372855047,0.0003278754372855023,2.10024753353309e-06,-2.100247533533056e-06,0.000329975684814895
2,3.95,3.95,3.324557006171125,8.0,-0.0003303391629130223,0.00033033916291302,2.116537708115058e-06,-2.116537708114991e-06,0.0003324557006171126
2,3.975,3.975,3.349358591046041,8.0,-0.0003328030225371453,0.0003328030225371419,2.132836571362889e-06,-2.132836571362869e-06,0.0003349358591046041
2,4.0,4.0,3.374161581938877,8.0,-0.0003352670140814515,0.0003352670140814546,2.149144116229715e-06,-2.149144116229647e-06,0.0003374161581938877
2,4.025,4.025,3.398965958466207,8.0,-0.0003377311355143436,0.000337731135514343,2.165460335953788e-06,-2.165460335953754e-06,0.0003398965958466207
2,4.05,4.05,3.423771700683074,8.0,-0.0003401953848478356,0.0003401953848478337,2.181785224045906e-06,-2.181785224045912e-06,0.0003423771700683074
2,4.075,4.075,3.448578789070528,8.0,-0.0003426597601362477,0.000342659760136258,2.198118774274848e-06,-2.198118774274834e-06,0.0003448578789070528
2,4.100000000000001,4.100000000000001,3.473387204523601,8.0,-0.0003451242594750617,0.0003451242594750558,2.214460980679311e-06,-2.21446098067925e-06,0.0003473387204523601
2,4.125,4.125,3.498196928339705,8.0,-0.0003475888809997066,0.0003475888809997134,2.230811837540543e-06,-2.230811837540482e-06,0.0003498196928339705
2,4.15,4.15,3.523007942207427,8.0,-0.0003500536228845455,0.000350053622884548,2.247171339384725e-06,-2.247171339384664e-06,0.0003523007942207427
2,4.175,4.175,3.547820228195721,8.0,-0.0003525184833416961,0.0003525184833417032,2.263539480976183e-06,-2.263539480976129e-06,0.0003547820228195721
2,4.2,4.2,3.57263376874346,8.0,-0.0003549834606200453,0.0003549834606200434,2.27991625731165e-06,-2.27991625731161e-06,0.000357263376874346
2,4.225000000000001,4.225000000000001,3.597448546649352,8.0,-0.0003574485530042498,0.0003574485530042549,2.296301663613854e-06,-2.296301663613841e-06,0.0003597448546649352
2,4.25,4.25,3.622264545062185,8.0,-0.0003599137588137444,0.0003599137588137499,2.312695695323311e-06,-2.312695695323263e-06,0.0003622264545062185
2,4.275,4.275,3.647081747471423,8.0,-0.0003623790764018253,0.0003623790764018253,2.32909834808951e-06,-2.329098348089463e-06,0.0003647081747471423
2,4.3,4.3,3.67190013769808,8.0,-0.0003648445041547349,0.0003648445041547413,2.345509617773977e-06,-2.34550961777393e-06,0.000367190013769808
2,4.325,4.325,3.696719699885934,8.0,-0.00036731004049078,0.000367310040490784,2.361929500440483e-06,-2.36192950044047e-06,0.0003696719699885934
2,4.350000000000001,4.350000000000001,3.721540418493005,8.0,-0.0003697756838595134,0.0003697756838595109,2.378357992348293e-06,-2.378357992348259e-06,0.0003721540418493005
2,4.375,4.375,3.746362278283318,8.0,-0.0003722414327408941,0.0003722414327408905,2.394795089951009e-06,-2.394795089950981e-06,0.0003746362278283319
2,4.4,4.4,3.771185264318945,8.0,-0.0003747072856444406,0.0003747072856444441,2.411240789884411e-06,-2.411240789884357e-06,0.0003771185264318945
2,4.425,4.425,3.796009361952279,8.0,-0.0003771732411086137,0.0003771732411086273,2.427695088970521e-06,-2.427695088970481e-06,0.0003796009361952279
2,4.45,4.45,3.820834556818588,8.0,-0.0003796392976999768,0.0003796392976999597,2.444157984215092e-06,-2.444157984215058e-06,0.0003820834556818589
2,4.475000000000001,4.475000000000001,3.845660834828782,8.0,-0.0003821054540123631,0.00038210545401235,2.460629472779484e-06,-2.46062947277943e-06,0.0003845660834828782
2,4.5,4.5,3.870488182162409,8.0,-0.0003845717086664174,0.0003845717086664128,2.477109552015033e-06,-2.477109552014945e-06,0.0003870488182162409
2,4.525,4.525,3.895316585260897,8.0,-0.0003870380603088197,0.000387038060308812,2.493598219426061e-06,-2.493598219425986e-06,0.0003895316585260897
2,4.55,4.55,3.920146030820975,8.0,-0.0003895045076114934,0.000389504507611507,2.510095472680056e-06,-2.510095472680002e-06,0.0003920146030820975
2,4.575,4.575,3.944976505788321,8.0,-0.0003919710492712447,0.0003919710492712521,2.526601309606568e-06,-2.526601309606527e-06,0.0003944976505788322
2,4.600000000000001,4.600000000000001,3.969807997351397,8.0,-0.0003944376840089303,0.0003944376840089447,2.543115728178897e-06,-2.543115728178863e-06,0.0003969807997351397
2,4.625,4.625,3.994640492935469,8.0,-0.0003969044105689712,0.0003969044105689679,2.559638726526423e-06,-2.559638726526382e-06,0.0003994640492935469
2,4.65,4.65,4.01947398019683,8.0,-0.0003993712277186451,0.0003993712277186457,2.576170302929816e-06,-2.576170302929809e-06,0.000401947398019683
2,4.675,4.675,4.04430844701717,8.0,-0.0004018381342477534,0.0004018381342477499,2.592710455800261e-06,-2.592710455800247e-06,0.000404430844701717
2,4.7,4.7,4.069143881498134,8.0,-0.0004043051289679134,0.0004043051289679138,2.609259183699976e-06,-2.609259183699935e-06,0.0004069143881498135
2,4.725000000000001,4.725000000000001,4.093980271956046,8.0,-0.0004067722107120447,0.0004067722107120295,2.625816485319943e-06,-2.625816485319916e-06,0.0004093980271956047
2,4.75,4.75,4.118817606916769,8.0,-0.0004092393783339116,0.0004092393783339071,2.64238235948589e-06,-2.642382359485836e-06,0.0004118817606916769
2,4.775,4.775,4.143655875110748,8.0,-0.0004117066307075951,0.0004117066307075796,2.658956805158988e-06,-2.658956805158975e-06,0.0004143655875110748
2,4.800000000000001,4.800000000000001,4.168495065468171,8.0,-0.0004141739667270355,0.000414173966727034,2.675539821419089e-06,-2.675539821419062e-06,0.0004168495065468171
2,4.825,4.825,4.193335167114281,8.0,-0.0004166413853055606,0.0004166413853055414,2.692131407477897e-06,-2.692131407477883e-06,0.0004193335167114281
2,4.850000000000001,4.850000000000001,4.218176169364842,8.0,-0.0004191088853753994,0.0004191088853753862,2.708731562663477e-06,-2.708731562663558e-06,0.0004218176169364842
2,4.875,4.875,4.243018061721704,8.0,-0.0004215764658872662,0.0004215764658872662,2.725340286424213e-06,-2.725340286424227e-06,0.0004243018061721704
2,4.9,4.9,4.267860833868527,8.0,-0.0004240441258099997,0.0004240441258100067,2.74195757833121e-06,-2.741957578331197e-06,0.0004267860833868527
2,4.925000000000001,4.925000000000001,4.2927044756666,8.0,-0.0004265118641300497,0.0004265118641300571,2.758583438053556e-06,-2.758583438053569e-06,0.00042927044756666
2,4.95,4.95,4.317548977150799,8.0,-0.0004289796798511297,0.0004289796798511044,2.775217865389249e-06,-2.775217865389357e-06,0.0004317548977150799
2,4.975000000000001,4.975000000000001,4.342394328525653,8.0,-0.0004314475719937316,0.0004314475719937279,2.79186086023441e-06,-2.791860860234478e-06,0.0004342394328525654
2,5.0,5.0,4.367240520161521,8.0,-0.0004339155395949174,0.0004339155395949079,2.808512422593484e-06,-2.808512422593484e-06,0.0004367240520161521
3,0.0,0.0,1.079999846625882e-09,8.0,-8.020799999549043e-12,8.020799999549043e-12,-8.010000001082784e-12,8.010000001082783e-12,1.079999846625883e-14
3,0.025,0.025,4.630076618132448e-09,8.0,-8.013385353832435e-12,8.013385353832435e-12,-7.95989141321336e-12,7.95989141321336e-12,4.630076618132448e-14
3,0.05,0.05,1.24998519677031e-08,8.0,-8.03460446415677e-12,8.034604464156772e-12,-7.90960594447974e-12,7.909605944479738e-12,1.24998519677031e-13
3,0.07500000000000001,0.07500000000000001,2.722253670778605e-08,8.0,-8.131080844262492e-12,8.131080844262492e-12,-7.858855477184624e-12,7.858855477184624e-12,2.722253670778605e-13
3,0.1,0.1,6.18470834923912e-08,8.0,-8.425353421199941e-12,8.425353421199941e-12,-7.806882586275875e-12,7.806882586275877e-12,6.184708349239122e-13
3,0.125,0.125,1.487789071182238e-07,8.0,-9.23948517868968e-12,9.23948517868968e-12,-7.751696107504657e-12,7.751696107504657e-12,1.487789071182238e-12
3,0.15,0.15,3.731864777523267e-07,8.0,-1.141992640002613e-11,1.141992640002614e-11,-7.688061622452272e-12,7.688061622452272e-12,3.731864777523267e-12
3,0.175,0.175,9.5890279977745e-07,8.0,-1.71912472756995e-11,1.719124727569951e-11,-7.602219277006534e-12,7.602219277006534e-12,9.5890279977745e-12
3,0.2,0.2,2.494131140429252e-06,8.0,-3.239931309201391e-11,3.239931309201395e-11,-7.458001671051248e-12,7.458001671051248e-12,2.494131140429252e-11
3,0.225,0.225,6.524198852163509e-06,8.0,-7.240235672317482e-11,7.240235672317483e-11,-7.160367899142444e-12,7.160367899142444e-12,6.52419885216351e-11
3,0.25,0.25,1.710628298719037e-05,8.0,-1.775225706576128e-10,1.775225706576128e-10,-6.459735307938107e-12,6.459735307938107e-12,1.710628298719037e-10
3,0.275,0.275,4.487366452622378e-05,8.0,-4.534385756259445e-10,4.534385756259443e-10,-4.701831502430736e-12,4.70183150243073e-12,4.487366452622378e-10
3,0.3,0.3,0.0001175671647130237,8.0,-1.17585275501274e-09,1.17585275501274e-09,-1.793408108385609e-13,1.793408108385479e-13,1.175671647130237e-09
3,0.325,0.325,0.0003066993026712497,8.0,-3.055513659827474e-09,3.055513659827476e-09,1.151017014818352e-11,-1.151017014818349e-11,3.066993026712498e-09
3,0.35,0.35,0.0007910434007379081,8.0,-7.869560615895625e-09,7.86956061589561e-09,4.13771782568683e-11,-4.13771782568683e-11,7.910434007379082e-09
3,0.375,0.375,0.001985342554369409,8.0,-1.973846796361839e-08,1.97384679636184e-08,1.149575869446424e-10,-1.149575869446424e-10,1.985342554369409e-08
3,0.4,0.4,0.00469837551851765,8.0,-4.670166502011229e-08,4.670166502011237e-08,2.820916477216657e-10,-2.820916477216657e-10,4.698375518517651e-08
3,0.425,0.425,0.01004320065827796,8.0,-9.982069418370618e-08,9.982069418370635e-08,6.113943594637027e-10,-6.11394359463701e-10,1.004320065827796e-07
3,0.45,0.45,0.0188087157251603,8.0,-1.869363625823795e-07,1.869363625823796e-07,1.151580578017197e-09,-1.1515805780172e-09,1.88087157251603e-07
3,0.475,0.475,0.0309339400400965,8.0,-3.074418959535091e-07,3.074418959535081e-07,1.899035394363734e-09,-1.899035394363734e-09,3.093394004009651e-07
3,0.5,0.5,0.04578586540191393,8.0,-4.550448193824446e-07,4.550448193824451e-07,2.81488094973598e-09,-2.81488094973598e-09,4.578586540191393e-07
3,0.525,0.525,0.06266347528312644,8.0,-6.227791554937847e-07,6.227791554937838e-07,3.856025547672845e-09,-3.856025547672845e-09,6.266347528312644e-07
3,0.55,0.55,0.08101422293250155,8.0,-8.051538873517478e-07,8.051538873517466e-07,4.988488536602017e-09,-4.988488536602017e-09,8.101422293250155e-07
3,0.5750000000000001,0.5750000000000001,0.1004471151861014,8.0,-9.982829833169242e-07,9.982829833169297e-07,6.188217817247479e-09,-6.188217817247452e-09,1.004471151861014e-06
3,0.6000000000000001,0.6000000000000001,0.1206920479206238,8.0,-1.199481899774347e-06,1.199481899774349e-06,7.438596800406571e-09,-7.438596800406545e-09,1.206920479206238e-06
3,0.625,0.625,0.1415609168174893,8.0,-1.406881121074628e-06,1.406881121074633e-06,8.728053660422038e-09,-8.728053660422011e-09,1.415609168174894e-06
3,0.65,0.65,0.1629201300311093,8.0,-1.619152932536798e-06,1.619152932536796e-06,1.004837043836663e-08,-1.004837043836663e-08,1.629201300311093e-06
3,0.675,0.675,0.184672627546526,8.0,-1.835332699810117e-06,1.835332699810113e-06,1.139357681399517e-08,-1.139357681399512e-08,1.84672627546526e-06
3,0.7000000000000001,0.7000000000000001,0.206744519044736,8.0,-2.054703626274871e-06,2.054703626274862e-06,1.27592367209063e-08,-1.27592367209063e-08,2.06744519044736e-06
3,0.7250000000000001,0.7250000000000001,0.2290851142370086,8.0,-2.276721786816042e-06,2.276721786816031e-06,1.414198425993518e-08,-1.414198425993518e-08,2.290851142370086e-06
3,0.75,0.75,0.2516496858916246,8.0,-2.500966487232076e-06,2.500966487232072e-06,1.553921638521084e-08,-1.553921638521084e-08,2.516496858916246e-06
3,0.775,0.775,0.2744049153195613,8.0,-2.727106721272786e-06,2.727106721272786e-06,1.694888524501416e-08,-1.694888524501421e-08,2.744049153195613e-06
3,0.8,0.8,0.2973242564181219,8.0,-2.954878019368351e-06,2.954878019368351e-06,1.836935485591786e-08,-1.836935485591791e-08,2.973242564181219e-06
3,0.8250000000000001,0.8250000000000001,0.3203861798212841,8.0,-3.184066147824714e-06,3.184066147824713e-06,1.979930018796265e-08,-1.979930018796265e-08,3.203861798212842e-06
3,0.8500000000000001,0.8500000000000001,0.3435730232508332,8.0,-3.414495412238595e-06,3.414495412238583e-06,2.12376347547379e-08,-2.123763475473795e-08,3.435730232508332e-06
3,0.875,0.875,0.3668701372155145,8.0,-3.646020116453451e-06,3.646020116453452e-06,2.268345773945535e-08,-2.268345773945546e-08,3.668701372155145e-06
3,0.9,0.9,0.3902652493660362,8.0,-3.878518224411319e-06,3.878518224411308e-06,2.413601475916963e-08,-2.413601475916958e-08,3.902652493660362e-06
3,0.925,0.925,0.413747985480885,8.0,-4.111886586566832e-06,4.111886586566833e-06,2.559466831496142e-08,-2.559466831496152e-08,4.137479854808851e-06
3,0.9500000000000001,0.9500000000000001,0.4373095035558179,8.0,-4.346037295436368e-06,4.346037295436381e-06,2.705887523268432e-08,-2.705887523268411e-08,4.373095035558179e-06
3,0.9750000000000001,0.9750000000000001,0.4609422108107965,8.0,-4.580894868220527e-06,4.580894868220518e-06,2.852816922366247e-08,-2.852816922366247e-08,4.609422108107966e-06
3,1.0,1.0,0.4846395423172142,8.0,-4.816394043625518e-06,4.816394043625506e-06,3.000214724775934e-08,-3.000214724775924e-08,4.846395423172142e-06
3,1.025,1.025,0.5083957859967133,8.0,-5.052478040636798e-06,5.05247804063679e-06,3.148045873627628e-08,-3.148045873627628e-08,5.083957859967133e-06
3,1.05,1.05,0.5322059429257273,8.0,-5.289097168857226e-06,5.289097168857204e-06,3.296279699090232e-08,-3.296279699090221e-08,5.322059429257274e-06
3,1.075,1.075,0.5560656148135796,8.0,-5.526207709339936e-06,5.52620770933993e-06,3.444889225729361e-08,-3.444889225729361e-08,5.560656148135797e-06
3,1.1,1.1,0.5799709126071521,8.0,-5.763771005665879e-06,5.763771005665872e-06,3.593850610000343e-08,-3.593850610000354e-08,5.799709126071521e-06
3,1.125,1.125,0.6039183816758943,8.0,-6.001752719988552e-06,6.00175271998856e-06,3.743142679848316e-08,-3.743142679848326e-08,6.039183816758944e-06
3,1.15,1.15,0.6279049401238812,8.0,-6.240122219663882e-06,6.240122219663898e-06,3.892746555144445e-08,-3.892746555144445e-08,6.279049401238813e-06
3,1.175,1.175,0.651927827580395,8.0,-6.478852068103819e-06,6.478852068103816e-06,4.042645332634898e-08,-4.042645332634909e-08,6.519278275803951e-06
3,1.2,1.2,0.6759845624193113,8.0,-6.717917599456918e-06,6.717917599456924e-06,4.1928238227501e-08,-4.192823822750089e-08,6.759845624193113e-06
3,1.225,1.225,0.700072905807461,8.0,-6.957296561198106e-06,6.957296561198162e-06,4.343268328474596e-08,-4.343268328474617e-08,7.00072905807461e-06
3,1.25,1.25,0.7241908313232922,8.0,-7.196968812106768e-06,7.196968812106794e-06,4.493966458472058e-08,-4.493966458472048e-08,7.241908313232922e-06
3,1.275,1.275,0.748336499148123,8.0,-7.436916065709659e-06,7.436916065709662e-06,4.644906968356184e-08,-4.644906968356205e-08,7.48336499148123e-06
3,1.3,1.3,0.7725082340334938,8.0,-7.677121671266528e-06,7.677121671266505e-06,4.796079625211564e-08,-4.796079625211585e-08,7.725082340334939e-06
3,1.325,1.325,0.7967045064045364,8.0,-7.917570425933836e-06,7.91757042593383e-06,4.947475091375945e-08,-4.947475091375945e-08,7.967045064045364e-06
3,1.35,1.35,0.8209239160816925,8.0,-8.158248412958903e-06,8.158248412958944e-06,5.099084824341235e-08,-5.099084824341214e-08,8.209239160816926e-06
3,1.375,1.375,0.8451651781996383,8.0,-8.399142861715756e-06,8.399142861715749e-06,5.250900990196906e-08,-5.250900990196927e-08,8.451651781996384e-06
3,1.4,1.4,0.8694271109788346,8.0,-8.640242026158038e-06,8.640242026158053e-06,5.402916388431896e-08,-5.402916388431875e-08,8.694271109788346e-06
3,1.425,1.425,0.8937086250662603,8.0,-8.88153507887121e-06,8.881535078871167e-06,5.555124386406636e-08,-5.555124386406657e-08,8.937086250662604e-06
3,1.45,1.45,0.9180087142109908,8.0,-9.123012018391911e-06,9.123012018391857e-06,5.707518862032145e-08,-5.707518862032124e-08,9.180087142109909e-06
3,1.475,1.475,0.9423264470799356,8.0,-9.364663587861947e-06,9.364663587861849e-06,5.860094153465766e-08,-5.860094153465787e-08,9.423264470799357e-06
3,1.5,1.5,0.9666609600512386,8.0,-9.606481203400046e-06,9.606481203399927e-06,6.012845014809454e-08,-6.012845014809454e-08,9.666609600512386e-06
3,1.525,1.525,0.991011450849133,8.0,-9.848456890836814e-06,9.848456890836728e-06,6.165766576988522e-08,-6.165766576988501e-08,9.91011450849133e-06
3,1.55,1.55,1.015377172905581,8.0,-1.009058322967477e-05,1.009058322967473e-05,6.318854313090993e-08,-6.318854313090993e-08,1.015377172905581e-05
3,1.575,1.575,1.039757430351787,8.0,-1.033285330330784e-05,1.033285330330782e-05,6.472104007603611e-08,-6.472104007603526e-08,1.039757430351787e-05
3,1.6,1.6,1.064151573557356,8.0,-1.057526065468552e-05,1.057526065468557e-05,6.625511728982951e-08,-6.625511728982866e-08,1.064151573557356e-05
3,1.625,1.625,1.088558995147092,8.0,-1.081779924672337e-05,1.081779924672331e-05,6.779073805180398e-08,-6.77907380518042e-08,1.088558995147092e-05
3,1.65,1.65,1.112979126435594,8.0,-1.106046342686613e-05,1.10604634268662e-05,6.93278680174529e-08,-6.932786801745247e-08,1.112979126435594e-05
3,1.675,1.675,1.137411434228361,8.0,-1.130324789529538e-05,1.130324789529528e-05,7.086647502162292e-08,-7.086647502162313e-08,1.137411434228361e-05
3,1.7,1.7,1.161855417945298,8.0,-1.154614767633901e-05,1.154614767633891e-05,7.240652890161184e-08,-7.240652890161099e-08,1.161855417945298e-05
3,1.725,1.725,1.186310607028525,8.0,-1.178915809270809e-05,1.178915809270812e-05,7.394800133828505e-08,-7.394800133828484e-08,1.186310607028525e-05
3,1.75,1.75,1.210776558601577,8.0,-1.203227474223302e-05,1.203227474223294e-05,7.54908657119824e-08,-7.549086571198091e-08,1.210776558601577e-05
3,1.775,1.775,1.235252855351392,8.0,-1.227549347681146e-05,1.227549347681149e-05,7.703509697229907e-08,-7.703509697229864e-08,1.235252855351392e-05
3,1.8,1.8,1.2597391036082,8.0,-1.2518810383325e-05,1.251881038332504e-05,7.858067152075083e-08,-7.85806715207502e-08,1.2597391036082e-05
3,1.825,1.825,1.284234931601643,8.0,-1.276222176630837e-05,1.276222176630822e-05,8.012756710283131e-08,-8.012756710283068e-08,1.284234931601643e-05
3,1.85,1.85,1.308739987874082,8.0,-1.300572413217693e-05,1.300572413217704e-05,8.167576271120693e-08,-8.167576271120651e-08,1.308739987874082e-05
3,1.875,1.875,1.333253939834502,8.0,-1.324931417485866e-05,1.324931417485861e-05,8.32252384963238e-08,-8.322523849632295e-08,1.333253939834502e-05
3,1.9,1.9,1.357776472438335,8.0,-1.349298876266759e-05,1.349298876266749e-05,8.477597568603295e-08,-8.477597568603253e-08,1.357776472438335e-05
3,1.925,1.925,1.38230728698033,8.0,-1.373674492631126e-05,1.373674492631116e-05,8.632795651090307e-08,-8.632795651090285e-08,1.38230728698033e-05
3,1.95,1.95,1.40684609998909,8.0,-1.398057984790106e-05,1.398057984790098e-05,8.78811641364406e-08,-8.788116413644039e-08,1.40684609998909e-05
3,1.975,1.975,1.431392642213187,8.0,-1.422449085087705e-05,1.422449085087698e-05,8.943558260101567e-08,-8.943558260101482e-08,1.431392642213187e-05
3,2.0,2.0,1.455946657689948,8.0,-1.446847539075097e-05,1.446847539075075e-05,9.099119675869386e-08,-9.099119675869365e-08,1.455946657689948e-05
3,2.025,2.025,1.480507902888964,8.0,-1.471253104659608e-05,1.471253104659587e-05,9.254799222621263e-08,-9.2547992226212e-08,1.480507902888964e-05
3,2.05,2.05,1.505076145923259,8.0,-1.495665551320578e-05,1.49566555132057e-05,9.410595533521411e-08,-9.410595533521263e-08,1.50507614592326e-05
3,2.075,2.075,1.529651165821844,8.0,-1.520084659386374e-05,1.520084659386377e-05,9.566507308672223e-08,-9.566507308672223e-08,1.529651165821844e-05
3,2.1,2.1,1.554232751858001,8.0,-1.544510219366846e-05,1.544510219366833e-05,9.722533311116036e-08,-9.722533311115951e-08,1.554232751858001e-05
3,2.125,2.125,1.578820702928287,8.0,-1.568942031336131e-05,1.568942031336111e-05,9.878672362883686e-08,-9.878672362883559e-08,1.578820702928287e-05
3,2.15,2.15,1.603414826977735,8.0,-1.593379904361219e-05,1.593379904361207e-05,1.003492334157461e-07,-1.003492334157448e-07,1.603414826977735e-05
3,2.175,2.175,1.628014940467196,8.0,-1.617823655972899e-05,1.617823655972906e-05,1.019128517702002e-07,-1.019128517702002e-07,1.628014940467196e-05
3,2.2,2.2,1.652620867879186,8.0,-1.642273111674341e-05,1.642273111674337e-05,1.034775684828641e-07,-1.034775684828646e-07,1.652620867879186e-05
3,2.225,2.225,1.677232441258953,8.0,-1.666728104485096e-05,1.666728104485061e-05,1.050433738084463e-07,-1.050433738084459e-07,1.677232441258953e-05
3,2.25,2.25,1.701849499787792,8.0,-1.691188474516872e-05,1.69118847451684e-05,1.066102584394916e-07,-1.066102584394921e-07,1.701849499787792e-05
3,2.275,2.275,1.726471889385948,8.0,-1.715654068579144e-05,1.715654068579113e-05,1.081782134821686e-07,-1.08178213482169e-07,1.726471889385948e-05
3,2.3,2.3,1.751099462342683,8.0,-1.740124739811198e-05,1.740124739811217e-05,1.097472304335021e-07,-1.097472304335026e-07,1.751099462342683e-05
3,2.325,2.325,1.77573207697129,8.0,-1.764600347339699e-05,1.764600347339706e-05,1.113173011598593e-07,-1.113173011598606e-07,1.77573207697129e-05
3,2.35,2.35,1.800369597287105,8.0,-1.789080755957998e-05,1.789080755957988e-05,1.128884178778866e-07,-1.128884178778862e-07,1.800369597287106e-05
3,2.375,2.375,1.825011892706679,8.0,-1.813565835827834e-05,1.813565835827856e-05,1.144605731353956e-07,-1.144605731353969e-07,1.82501189270668e-05
3,2.4,2.4,1.849658837766469,8.0,-1.838055462199235e-05,1.838055462199244e-05,1.160337597946355e-07,-1.160337597946359e-07,1.849658837766469e-05
3,2.425,2.425,1.874310311859558,8.0,-1.862549515149162e-05,1.862549515149157e-05,1.176079710156334e-07,-1.176079710156343e-07,1.874310311859558e-05
3,2.45,2.45,1.898966198989048,8.0,-1.887047879336394e-05,1.887047879336377e-05,1.191832002415019e-07,-1.191832002415015e-07,1.898966198989048e-05
3,2.475,2.475,1.92362638753685,8.0,-1.911550443771436e-05,1.911550443771436e-05,1.207594411838789e-07,-1.207594411838802e-07,1.92362638753685e-05
3,2.5,2.5,1.948290770046762,8.0,-1.93605710160135e-05,1.936057101601368e-05,1.223366878100785e-07,-1.22336687810078e-07,1.948290770046762e-05
3,2.525,2.525,1.972959243020775,8.0,-1.960567749907031e-05,1.960567749907035e-05,1.239149343301166e-07,-1.239149343301183e-07,1.972959243020775e-05
3,2.55,2.55,1.997631706727655,8.0,-1.985082289513102e-05,1.98508228951309e-05,1.254941751853364e-07,-1.254941751853372e-07,1.997631706727655e-05
3,2.575,2.575,2.022308065022937,8.0,-2.009600624808781e-05,2.009600624808792e-05,1.270744050371007e-07,-1.270744050371011e-07,2.022308065022938e-05
3,2.6,2.6,2.046988225179506,8.0,-2.034122663579748e-05,2.034122663579795e-05,1.286556187566201e-07,-1.286556187566205e-07,2.046988225179506e-05
3,2.625,2.625,2.071672097728044,8.0,-2.058648316849735e-05,2.058648316849715e-05,1.30237811415053e-07,-1.302378114150547e-07,2.071672097728044e-05
3,2.65,2.65,2.096359596306663,8.0,-2.08317749873033e-05,2.083177498730359e-05,1.318209782743174e-07,-1.318209782743182e-07,2.096359596306663e-05
3,2.675,2.675,2.121050637519081,8.0,-2.107710126280976e-05,2.107710126280956e-05,1.334051147783364e-07,-1.334051147783377e-07,2.121050637519081e-05
3,2.7,2.7,2.145745140800789,8.0,-2.132246119375273e-05,2.132246119375281e-05,1.349902165449756e-07,-1.349902165449764e-07,2.14574514080079e-05
3,2.725,2.725,2.170443028292664,8.0,-2.156785400575642e-05,2.156785400575664e-05,1.365762793581473e-07,-1.365762793581481e-07,2.170443028292664e-05
3,2.75,2.75,2.195144224721528,8.0,-2.181327895014714e-05,2.181327895014713e-05,1.381632991606336e-07,-1.381632991606345e-07,2.195144224721528e-05
3,2.775,2.775,2.219848657287224,8.0,-2.205873530282659e-05,2.205873530282686e-05,1.39751272046878e-07,-1.397512720468784e-07,2.219848657287225e-05
3,2.8,2.8,2.24455625555577,8.0,-2.230422236321672e-05,2.230422236321652e-05,1.413401942567892e-07,-1.413401942567888e-07,2.24455625555577e-05
3,2.825,2.825,2.269266951358204,8.0,-2.254973945324708e-05,2.254973945324679e-05,1.42930062169343e-07,-1.429300621693421e-07,2.269266951358204e-05
3,2.85,2.85,2.293980678694772,8.0,-2.27952859164081e-05,2.279528591640776e-05,1.445208722969642e-07,-1.445208722969651e-07,2.293980678694772e-05
3,2.875,2.875,2.318697373644116,8.0,-2.304086111684601e-05,2.304086111684605e-05,1.46112621279377e-07,-1.461126212793795e-07,2.318697373644116e-05
3,2.9,2.9,2.34341697427715,8.0,-2.328646443850672e-05,2.32864644385069e-05,1.477053058789754e-07,-1.477053058789749e-07,2.34341697427715e-05
3,2.925,2.925,2.368139420575343,8.0,-2.353209528432659e-05,2.353209528432654e-05,1.492989229754106e-07,-1.49298922975414e-07,2.368139420575343e-05
3,2.95,2.95,2.392864654353147,8.0,-2.377775307545659e-05,2.3777753075457e-05,1.508934695608409e-07,-1.508934695608421e-07,2.392864654353147e-05
3,2.975,2.975,2.417592619184305,8.0,-2.402343725053414e-05,2.402343725053403e-05,1.524889427359392e-07,-1.524889427359434e-07,2.417592619184305e-05
3,3.0,3.0,2.44232326033182,8.0,-2.42691472649827e-05,2.426914726498294e-05,1.540853397052318e-07,-1.540853397052348e-07,2.44232326033182e-05
3,3.025,3.025,2.467056524681369,8.0,-2.451488259035822e-05,2.451488259035783e-05,1.556826577721566e-07,-1.556826577721562e-07,2.46705652468137e-05
3,3.05,3.05,2.491792360677959,8.0,-2.476064271370818e-05,2.47606427137079e-05,1.572808943372298e-07,-1.572808943372315e-07,2.491792360677959e-05
3,3.075,3.075,2.516530718265633,8.0,-2.500642713698133e-05,2.500642713698077e-05,1.588800468922358e-07,-1.588800468922367e-07,2.516530718265633e-05
3,3.1,3.1,2.541271548830061,8.0,-2.525223537645305e-05,2.525223537645319e-05,1.604801130180191e-07,-1.604801130180221e-07,2.541271548830061e-05
3,3.125,3.125,2.56601480514385,8.0,-2.549806696218416e-05,2.549806696218408e-05,1.620810903804812e-07,-1.620810903804833e-07,2.56601480514385e-05
3,3.15,3.15,2.590760441314408,8.0,-2.574392143750047e-05,2.574392143750027e-05,1.636829767281954e-07,-1.636829767281966e-07,2.590760441314408e-05
3,3.175,3.175,2.615508412734236,8.0,-2.598979835849793e-05,2.598979835849796e-05,1.652857698880021e-07,-1.652857698880042e-07,2.615508412734237e-05
3,3.2,3.2,2.640258676033516,8.0,-2.623569729357737e-05,2.623569729357712e-05,1.668894677637002e-07,-1.668894677637028e-07,2.640258676033517e-05
3,3.225,3.225,2.665011189034847,8.0,-2.648161782298555e-05,2.648161782298572e-05,1.684940683319368e-07,-1.684940683319372e-07,2.665011189034847e-05
3,3.25,3.25,2.68976591071003,8.0,-2.672755953839461e-05,2.67275595383947e-05,1.70099569640145e-07,-1.700995696401476e-07,2.68976591071003e-05
3,3.275,3.275,2.714522801138802,8.0,-2.697352204248391e-05,2.697352204248408e-05,1.717059698045851e-07,-1.717059698045868e-07,2.714522801138802e-05
3,3.3,3.3,2.739281821469389,8.0,-2.721950494855626e-05,2.721950494855648e-05,1.733132670064782e-07,-1.73313267006482e-07,2.73928182146939e-05
3,3.325,3.325,2.764042933880801,8.0,-2.746550788015455e-05,2.746550788015488e-05,1.749214594913543e-07,-1.749214594913569e-07,2.764042933880801e-05
3,3.35,3.35,2.788806101546768,8.0,-2.771153047071177e-05,2.771153047071175e-05,1.765305455654949e-07,-1.765305455654979e-07,2.788806101546768e-05
3,3.375,3.375,2.813571288601245,8.0,-2.79575723631997e-05,2.795757236319912e-05,1.78140523594622e-07,-1.781405235946228e-07,2.813571288601245e-05
3,3.4,3.4,2.838338460105391,8.0,-2.820363320980672e-05,2.820363320980705e-05,1.797513920016566e-07,-1.797513920016579e-07,2.838338460105391e-05
3,3.425,3.425,2.863107582015954,8.0,-2.844971267162424e-05,2.844971267162418e-05,1.813631492641952e-07,-1.813631492642003e-07,2.863107582015954e-05
3,3.45,3.45,2.887878621154983,8.0,-2.869581041833966e-05,2.869581041833973e-05,1.829757939139993e-07,-1.829757939139997e-07,2.887878621154983e-05
3,3.475,3.475,2.912651545180824,8.0,-2.894192612795578e-05,2.894192612795525e-05,1.845893245341861e-07,-1.84589324534187e-07,2.912651545180824e-05
3,3.5,3.5,2.937426322560303,8.0,-2.91880594865037e-05,2.918805948650386e-05,1.862037397573933e-07,-1.862037397573967e-07,2.937426322560303e-05
3,3.525,3.525,2.962202922542059,8.0,-2.943421018779171e-05,2.943421018779189e-05,1.878190382651678e-07,-1.878190382651712e-07,2.962202922542059e-05
3,3.55,3.55,2.986981315130967,8.0,-2.968037793314032e-05,2.968037793314092e-05,1.894352187850783e-07,-1.894352187850809e-07,2.986981315130968e-05
3,3.575,3.575,3.011761471063599,8.0,-2.992656243114202e-05,2.992656243114139e-05,1.910522800903499e-07,-1.910522800903541e-07,3.011761471063599e-05
3,3.6,3.6,3.036543361784662,8.0,-3.017276339742532e-05,3.017276339742477e-05,1.92670220998218e-07,-1.92670220998218e-07,3.036543361784662e-05
3,3.625,3.625,3.061326959424385,8.0,-3.04189805544362e-05,3.041898055443588e-05,1.942890403671719e-07,-1.942890403671736e-07,3.061326959424385e-05
3,3.65,3.65,3.086112236776795,8.0,-3.066521363121171e-05,3.066521363121116e-05,1.959087370983777e-07,-1.959087370983786e-07,3.086112236776796e-05
3,3.675,3.675,3.110899167278845,8.0,-3.091146236318138e-05,3.09114623631815e-05,1.975293101312774e-07,-1.975293101312766e-07,3.110899167278845e-05
3,3.7,3.7,3.135687724990353,8.0,-3.115772649196595e-05,3.115772649196672e-05,1.991507584448829e-07,-1.991507584448812e-07,3.135687724990353e-05
3,3.725,3.725,3.160477884574725,8.0,-3.140400576518484e-05,3.140400576518537e-05,2.007730810549944e-07,-2.007730810549944e-07,3.160477884574725e-05
3,3.75,3.75,3.185269621280406,8.0,-3.165029993626792e-05,3.165029993626684e-05,2.02396277013948e-07,-2.023962770139455e-07,3.185269621280406e-05
3,3.775,3.775,3.210062910923042,8.0,-3.189660876428378e-05,3.18966087642838e-05,2.040203454092411e-07,-2.040203454092428e-07,3.210062910923042e-05
3,3.8,3.8,3.234857729868317,8.0,-3.214293201376974e-05,3.214293201376974e-05,2.056452853620507e-07,-2.056452853620524e-07,3.234857729868317e-05
3,3.825,3.825,3.259654055015427,8.0,-3.238926945456182e-05,3.238926945456145e-05,2.072710960272083e-07,-2.072710960272117e-07,3.259654055015428e-05
3,3.85,3.85,3.284451863781178,8.0,-3.263562086164209e-05,3.263562086164247e-05,2.088977765914088e-07,-2.088977765914062e-07,3.284451863781178e-05
3,3.875,3.875,3.309251134084666,8.0,-3.288198601498343e-05,3.288198601498418e-05,2.105253262722988e-07,-2.105253262722894e-07,3.309251134084666e-05
3,3.9,3.9,3.334051844332516,8.0,-3.312836469940468e-05,3.312836469940465e-05,2.121537443181568e-07,-2.121537443181568e-07,3.334051844332517e-05
3,3.925,3.925,3.358853973404663,8.0,-3.337475670442663e-05,3.337475670442671e-05,2.137830300068314e-07,-2.137830300068212e-07,3.358853973404664e-05
3,3.95,3.95,3.38365750064065,8.0,-3.362116182413846e-05,3.362116182413764e-05,2.154131826440324e-07,-2.154131826440274e-07,3.38365750064065e-05
3,3.975,3.975,3.408462405826406,8.0,-3.386757985706507e-05,3.386757985706469e-05,2.170442015634374e-07,-2.170442015634314e-07,3.408462405826406e-05
3,4.0,4.0,3.433268669181507,8.0,-3.411401060604297e-05,3.411401060604358e-05,2.186760861264281e-07,-2.186760861264247e-07,3.433268669181507e-05
3,4.025,4.025,3.458076271346879,8.0,-3.436045387809287e-05,3.436045387809285e-05,2.203088357199333e-07,-2.203088357199316e-07,3.45807627134688e-05
3,4.05,4.05,3.482885193372942,8.0,-3.460690948430684e-05,3.460690948430717e-05,2.219424497565263e-07,-2.219424497565246e-07,3.482885193372943e-05
3,4.075,4.075,3.507695416708164,8.0,-3.485337723973213e-05,3.485337723973291e-05,2.235769276737856e-07,-2.235769276737805e-07,3.507695416708164e-05
3,4.100000000000001,4.100000000000001,3.532506923187998,8.0,-3.509985696326275e-05,3.509985696326191e-05,2.252122689327917e-07,-2.2521226893279e-07,3.532506923187998e-05
3,4.125,4.125,3.557319695024225,8.0,-3.534634847753102e-05,3.534634847753093e-05,2.268484730189956e-07,-2.268484730189905e-07,3.557319695024225e-05
3,4.15,4.15,3.582133714794645,8.0,-3.559285160880613e-05,3.559285160880612e-05,2.284855394401088e-07,-2.284855394401003e-07,3.582133714794645e-05
3,4.175,4.175,3.606948965433118,8.0,-3.583936618689609e-05,3.583936618689619e-05,2.301234677264004e-07,-2.301234677263954e-07,3.606948965433118e-05
3,4.2,4.2,3.631765430219944,8.0,-3.608589204505408e-05,3.608589204505401e-05,2.317622574296378e-07,-2.317622574296395e-07,3.631765430219945e-05
3,4.225000000000001,4.225000000000001,3.656583092772571,8.0,-3.633242901987868e-05,3.63324290198791e-05,2.334019081225029e-07,-2.334019081225012e-07,3.656583092772571e-05
3,4.25,4.25,3.681401937036599,8.0,-3.657897695123497e-05,3.657897695123494e-05,2.350424193988815e-07,-2.350424193988789e-07,3.681401937036599e-05
3,4.275,4.275,3.706221947277094,8.0,-3.682553568216083e-05,3.682553568216067e-05,2.366837908714221e-07,-2.366837908714144e-07,3.706221947277095e-05
3,4.3,4.3,3.73104310807018,8.0,-3.707210505878283e-05,3.707210505878258e-05,2.383260221739243e-07,-2.383260221739184e-07,3.73104310807018e-05
3,4.325,4.325,3.755865404294908,8.0,-3.731868493023899e-05,3.731868493023931e-05,2.399691129579163e-07,-2.399691129579146e-07,3.755865404294909e-05
3,4.350000000000001,4.350000000000001,3.780688821125387,8.0,-3.756527514860164e-05,3.756527514860177e-05,2.416130628935949e-07,-2.416130628935889e-07,3.780688821125388e-05
3,4.375,4.375,3.805513344023173,8.0,-3.781187556879673e-05,3.781187556879692e-05,2.432578716700243e-07,-2.432578716700192e-07,3.805513344023174e-05
3,4.4,4.4,3.830338958729895,8.0,-3.805848604853442e-05,3.805848604853476e-05,2.44903538992969e-07,-2.449035389929665e-07,3.830338958729895e-05
3,4.425,4.425,3.855165651260116,8.0,-3.830510644823888e-05,3.83051064482386e-05,2.465500645857974e-07,-2.465500645857898e-07,3.855165651260117e-05
3,4.45,4.45,3.87999340789443,8.0,-3.855173663097362e-05,3.855173663097334e-05,2.481974481885051e-07,-2.481974481884975e-07,3.87999340789443e-05
3,4.475000000000001,4.475000000000001,3.904822215172764,8.0,-3.879837646238258e-05,3.879837646238218e-05,2.498456895576651e-07,-2.498456895576591e-07,3.904822215172764e-05
3,4.5,4.5,3.929652059887887,8.0,-3.904502581062071e-05,3.904502581062042e-05,2.514947884656007e-07,-2.51494788465599e-07,3.929652059887888e-05
3,4.525,4.525,3.954482929079141,8.0,-3.929168454629324e-05,3.929168454629303e-05,2.531447447001581e-07,-2.531447447001522e-07,3.954482929079141e-05
3,4.55,4.55,3.979314810026338,8.0,-3.953835254239587e-05,3.953835254239596e-05,2.547955580642202e-07,-2.547955580642109e-07,3.979314810026338e-05
3,4.575,4.575,4.00414769024386,8.0,-3.978502967425489e-05,3.978502967425407e-05,2.564472283762575e-07,-2.564472283762525e-07,4.004147690243861e-05
3,4.600000000000001,4.600000000000001,4.028981557474943,8.0,-4.00317158194682e-05,4.003171581946762e-05,2.580997554680791e-07,-2.580997554680765e-07,4.028981557474943e-05
3,4.625,4.625,4.053816399686111,8.0,-4.027841085785591e-05,4.027841085785615e-05,2.597531391866115e-07,-2.597531391866073e-07,4.053816399686111e-05
3,4.65,4.65,4.078652205061815,8.0,-4.052511467140217e-05,4.052511467140344e-05,2.6140737939218e-07,-2.614073793921791e-07,4.078652205061815e-05
3,4.675,4.675,4.103488961999187,8.0,-4.077182714420664e-05,4.077182714420723e-05,2.630624759586334e-07,-2.630624759586317e-07,4.103488961999187e-05
3,4.7,4.7,4.128326659102993,8.0,-4.101854816242895e-05,4.101854816242904e-05,2.647184287731155e-07,-2.647184287731129e-07,4.128326659102994e-05
3,4.725000000000001,4.725000000000001,4.153165285180703,8.0,-4.126527761423842e-05,4.126527761423912e-05,2.663752377355621e-07,-2.663752377355579e-07,4.153165285180703e-05
3,4.75,4.75,4.178004829237723,8.0,-4.151201538978022e-05,4.151201538978046e-05,2.680329027584265e-07,-2.680329027584239e-07,4.178004829237723e-05
3,4.775,4.775,4.202845280472769,8.0,-4.175876138112072e-05,4.175876138112051e-05,2.6969142376683e-07,-2.696914237668266e-07,4.202845280472769e-05
3,4.800000000000001,4.800000000000001,4.227686628273351,8.0,-4.200551548219026e-05,4.200551548218987e-05,2.71350800697457e-07,-2.713508006974553e-07,4.227686628273351e-05
3,4.825,4.825,4.252528862211421,8.0,-4.225227758876578e-05,4.225227758876518e-05,2.730110334993847e-07,-2.730110334993796e-07,4.252528862211422e-05
3,4.850000000000001,4.850000000000001,4.27737197203913,8.0,-4.249904759840752e-05,4.249904759840693e-05,2.746721221326051e-07,-2.746721221325992e-07,4.27737197203913e-05
3,4.875,4.875,4.302215947684688,8.0,-4.274582541042259e-05,4.274582541042214e-05,2.763340665686368e-07,-2.763340665686335e-07,4.302215947684688e-05
3,4.9,4.9,4.32706077924838,8.0,-4.29926109258346e-05,4.299261092583512e-05,2.779968667899522e-07,-2.779968667899522e-07,4.327060779248381e-05
3,4.925000000000001,4.925000000000001,4.351906456998666,8.0,-4.323940404733252e-05,4.323940404733323e-05,2.796605227901223e-07,-2.79660522790118e-07,4.351906456998667e-05
3,4.95,4.95,4.376752971368391,8.0,-4.348620467924461e-05,4.348620467924561e-05,2.813250345729917e-07,-2.813250345729866e-07,4.376752971368391e-05
3,4.975000000000001,4.975000000000001,4.401600312951127,8.0,-4.373301272748986e-05,4.373301272748969e-05,2.82990402152284e-07,-2.829904021522798e-07,4.401600312951127e-05
3,5.0,5.0,4.426448472497573,8.0,-4.397982809955202e-05,4.397982809955154e-05,2.846566255530046e-07,-2.846566255530021e-07,4.426448472497574e-05
