case,vtest,v(source),v(drain),i(vtest),i(rs),id(j1)
1,0.0,0.0,0.0,0.0,0.0,0.0
1,0.05,0.03298789862433256,0.05,-9.996335756119699e-05,9.996332916464411e-05,9.996341270368062e-05
1,0.1,0.06549823533532069,0.1,-0.0001984796207978993,0.0001984795010161233,0.0001984798499568671
1,0.15,0.09751510491249636,0.15,-0.0002955004472406441,0.0002955003179166556,0.0002955006904740207
1,0.2,0.1290220652326482,0.2,-0.0003909760948612314,0.000390975955250449,0.0003909763530260846
1,0.25,0.1600022423064501,0.25,-0.0004848554303454437,0.0004848552797165155,0.000484855704223521
1,0.3,0.1904383081175801,0.3,-0.0005770859446067101,0.000577085782174485,0.0005770862350293827
1,0.35,0.2203124884231829,0.35,-0.0006676137763417134,0.0006676136012823723,0.0006676140841602073
1,0.4,0.2496065734509273,0.4,-0.0007563837444593804,0.0007563835559119008,0.000756384070541331
1,0.45,0.2783019318110329,0.45,-0.000843339390237759,0.0008433391873061602,0.0008433397354630458
1,0.5,0.3063795279049782,0.5,-0.000928423030076825,0.0009284228118332674,0.0009284233953326739
1,0.55,0.3338199431178983,0.55,-0.001011575819716894,0.001011575585205752,0.001011576205892195
1,0.6000000000000001,0.3606034010775274,0.6000000000000001,-0.001092737830779796,0.00109273757902281,0.001092738238758602
1,0.65,0.386709797252907,0.65,-0.001171848140460734,0.001171847870463355,0.001171848571114905
1,0.7000000000000001,0.4121187331500789,0.7000000000000001,-0.00124884493515033,0.00124884464590933,0.001248845389331312
1,0.75,0.4368095553388306,0.75,-0.001323665628696112,0.001323665319208577,0.001323666107225854
1,0.8,0.4607613995134109,0.8,-0.001396246995918416,0.001396246665192154,0.001396247499579436
1,0.8500000000000001,0.4839532397503169,0.8500000000000001,-0.00146652532187495,0.001466524968940354,0.001466525851399598
1,0.9,0.506363943077151,0.9,-0.001534436567219507,0.001534436191142882,0.001534437123278494
1,0.9500000000000001,0.5279723294077434,0.9500000000000001,-0.001599916549822136,0.001599916149720435,0.001599917133012429
1,1.0,0.5487572368300558,1.0,-0.001662901142609957,0.001662900717666836,0.00166290175344215
1,1.05,0.5686975921549091,1.05,-0.001723326487350017,0.001723326036833058,0.00172332712623536
1,1.1,0.5877724865457756,1.1,-0.001781129223829525,0.001781128747108411,0.001781129891066783
1,1.15,0.605961255953563,1.15,-0.001836246733596952,0.001836246230162312,0.001836247429359335
1,1.2,0.6232435659768079,1.2,-0.001888617397113815,0.001888616866596387,0.001888618121436216
1,1.25,0.6395995006587158,1.25,-0.001938180862836715,0.001938180305026412,0.001938181615603557
1,1.3,0.6550096546203001,1.3,-0.001984878326409261,0.001984877741273637,0.00198487910734323
1,1.35,0.6694552278161788,1.35,-0.002028652817801966,0.002028652205503572,0.002028653626453973
1,1.4,0.6829181220895502,1.4,-0.00206944949390479,0.002069448854816819,0.002069450329645475
1,1.45,0.6953810385989789,1.45,-0.002107215933762131,0.002107215268481754,0.002107216795775234
1,1.5,0.7068275750956737,1.5,-0.002141902433355364,0.002141901742714163,0.002141903320633264
1,1.55,0.7172423219498014,1.55,-0.002173462296595171,0.002173461581666065,0.002173463207936883
1,1.6,0.7266109557619354,1.6,-0.0022018521189966,0.002201851381096774,0.002201853053008471
1,1.65,0.7349203293545894,1.65,-0.002227032060385151,0.002227031301074513,0.002227033015484444
1,1.7,0.742158556922153,1.7,-0.002248966102931674,0.002248965324006524,0.002248967077353169
1,1.75,0.7483150931279948,1.75,-0.002267622290845543,0.002267621494327257,0.002267623282651223
1,1.8,0.7533808049767905,1.8,-0.002282972948174609,0.002282972136293305,0.002282973955266398
1,1.85,0.7573480353590315,1.85,-0.0022949948713692,0.00229499404654252,0.002294995891504647
1,1.9,0.7602106572628721,1.9,-0.002303669493564997,0.00230366865837234,0.002303670524375729
1,1.95,0.7619641177744716,1.95,-0.002308983017921474,0.002308982175074156,0.002308984056934105
1,2.0,0.7626054711391144,2.0,-0.0023109265178105,0.002310925670118529,0.002310927562469685
1,2.05,0.7626903956509804,2.05,-0.00231118323148787,0.002311183017124183,0.00231118349309146
1,2.1,0.7627751609992124,2.1,-0.002311439884680588,0.002311439881815795,0.00231143988468061
1,2.15,0.7628598365846516,2.15,-0.00231169647741381,0.002311696474498944,0.002311696477413817
1,2.2,0.7629444922267374,2.2,-0.002311953009712634,0.002311953006747689,0.002311953009712634
1,2.25,0.763029127933747,2.25,-0.002312209481602143,0.002312209478587112,0.002312209481602144
1,2.3,0.7631137437139548,2.3,-0.002312465893107401,0.002312465890042287,0.002312465893107401
1,2.35,0.7631983395756267,2.35,-0.002312722244253461,0.002312722241138263,0.00231272224425346
1,2.4,0.7632829155270249,2.4,-0.002312978535065358,0.002312978531900075,0.002312978535065358
1,2.45,0.7633674715764066,2.45,-0.002313234765568115,0.002313234762352747,0.002313234765568115
1,2.5,0.7634520077320235,2.5,-0.002313490935786736,0.002313490932521283,0.002313490935786736
1,2.55,0.7635365240021232,2.55,-0.002313747045746214,0.002313747042430676,0.002313747045746214
1,2.6,0.7636210203949474,2.6,-0.002314003095471523,0.002314003092105901,0.002314003095471525
1,2.65,0.7637054969187339,2.65,-0.002314259084987626,0.002314259081571921,0.002314259084987626
1,2.7,0.7637899535817141,2.7,-0.00231451501431947,0.002314515010853679,0.002314515014319471
1,2.75,0.7638743903921165,2.75,-0.002314770883491985,0.00231477087997611,0.002314770883491985
1,2.8,0.7639588073581624,2.8,-0.002315026692530088,0.002315026688964128,0.002315026692530088
1,2.85,0.7640432044880701,2.85,-0.00231528244145868,0.002315282437842636,0.002315282441458679
1,2.9,0.7641275817900515,2.9,-0.002315538130302648,0.00231553812663652,0.002315538130302649
1,2.95,0.7642119392723152,2.95,-0.002315793759086865,0.002315793755370652,0.002315793759086865
1,3.0,0.7642962769430637,3.0,-0.002316049327836186,0.00231604932406989,0.002316049327836186
1,3.05,0.7643805948104943,3.05,-0.002316304836575455,0.002316304832759073,0.002316304836575454
1,3.1,0.7644648928828005,3.1,-0.002316560285329497,0.002316560281463032,0.002316560285329498
1,3.15,0.7645491711681706,3.15,-0.002316815674123127,0.002316815670206578,0.002316815674123127
1,3.2,0.7646334296747871,3.2,-0.00231707100298114,0.002317070999014506,0.00231707100298114
1,3.25,0.7647176684108289,3.25,-0.002317326271928321,0.002317326267911603,0.00231732627192832
1,3.3,0.764801887384469,3.3,-0.002317581480989437,0.002317581476922633,0.002317581480989437
1,3.35,0.7648860866038767,3.35,-0.00231783663018924,0.002317836626072353,0.00231783663018924
1,3.4,0.7649702660772146,3.4,-0.00231809171955247,0.002318091715385499,0.002318091719552471
1,3.45,0.7650544258126425,3.45,-0.002318346749103849,0.002318346744886795,0.002318346749103849
1,3.5,0.7651385658183135,3.5,-0.002318601718868089,0.00231860171460095,0.00231860171886809
1,3.55,0.7652226861023773,3.55,-0.002318856628869881,0.002318856624552659,0.002318856628869882
1,3.6,0.7653067866729778,3.6,-0.002319111479133906,0.002319111474766599,0.002319111479133907
1,3.65,0.7653908675382541,3.65,-0.002319366269684828,0.002319366265267437,0.002319366269684829
1,3.7,0.7654749287063413,3.7,-0.002319621000547297,0.002319620996079822,0.002319621000547297
1,3.75,0.7655589701853684,3.75,-0.002319875671745949,0.002319875667228389,0.002319875671745949
1,3.8,0.7656429919834608,3.8,-0.002320130283305402,0.00232013027873776,0.002320130283305402
1,3.85,0.7657269941087379,3.85,-0.002320384835250266,0.002320384830632539,0.002320384835250265
1,3.9,0.7658109765693147,3.9,-0.002320639327605129,0.002320639322937317,0.00232063932760513
1,3.95,0.7658949393733023,3.95,-0.002320893760394569,0.002320893755676674,0.002320893760394569
1,4.0,0.7659788825288055,4.0,-0.002321148133643147,0.002321148128875168,0.002321148133643147
1,4.05,0.7660628060439252,4.05,-0.002321402447375412,0.002321402442557349,0.002321402447375411
1,4.100000000000001,0.7661467099267567,4.100000000000001,-0.002321656701615894,0.002321656696747748,0.002321656701615895
1,4.15,0.7662305941853914,4.15,-0.002321910896389115,0.002321910891470883,0.002321910896389115
1,4.2,0.7663144588279156,4.2,-0.002322165031719573,0.002322165026751259,0.002322165031719573
1,4.25,0.7663983038624103,4.25,-0.002322419107631763,0.002322419102613364,0.002322419107631763
1,4.3,0.7664821292969518,4.3,-0.002322673124150155,0.002322673119081672,0.002322673124150157
1,4.350000000000001,0.7665659351396127,4.350000000000001,-0.002322927081299211,0.002322927076180644,0.002322927081299211
1,4.4,0.7666497213984592,4.4,-0.002323180979103374,0.002323180973934725,0.002323180979103375
1,4.45,0.7667334880815538,4.45,-0.002323434817587078,0.002323434812368345,0.002323434817587078
1,4.5,0.7668172351969532,4.5,-0.002323688596774737,0.002323688591505919,0.002323688596774737
1,4.55,0.7669009627527108,4.55,-0.002323942316690752,0.002323942311371851,0.002323942316690752
1,4.600000000000001,0.7669846707568736,4.600000000000001,-0.002324195977359512,0.002324195971990526,0.002324195977359513
1,4.65,0.7670683592174853,4.65,-0.002324449578805388,0.002324449573386319,0.002324449578805388
1,4.7,0.7671520281425838,4.7,-0.002324703121052739,0.002324703115583587,0.002324703121052739
1,4.75,0.767235677540202,4.75,-0.002324956604125909,0.002324956598606673,0.002324956604125909
1,4.800000000000001,0.7673193074183693,4.800000000000001,-0.002325210028049226,0.002325210022479907,0.002325210028049227
1,4.850000000000001,0.7674029177851093,4.850000000000001,-0.002325463392847006,0.002325463387227604,0.002325463392847006
1,4.9,0.767486508648441,4.9,-0.00232571669854355,0.002325716692874064,0.002325716698543551
1,4.95,0.7675700800163789,4.95,-0.002325969945163143,0.002325969939443573,0.002325969945163143
1,5.0,0.7676536318969326,5.0,-0.002326223132730055,0.002326223126960402,0.002326223132730056
1,5.050000000000001,0.7677371642981069,5.050000000000001,-0.002326476261268546,0.002326476255448809,0.002326476261268547
1,5.100000000000001,0.767820677227902,5.100000000000001,-0.002326729330802857,0.002326729324933037,0.002326729330802857
1,5.15,0.7679041706943128,5.15,-0.002326982341357217,0.002326982335437312,0.002326982341357218
1,5.2,0.7679876447053311,5.2,-0.00232723529295584,0.002327235286985852,0.00232723529295584
1,5.25,0.7680710992689413,5.25,-0.002327488185622925,0.002327488179602853,0.002327488185622925
1,5.300000000000001,0.7681545343931255,5.300000000000001,-0.002327741019382656,0.002327741013312502,0.002327741019382657
1,5.350000000000001,0.7682379500858599,5.350000000000001,-0.002327993794259208,0.002327993788138969,0.002327993794259207
1,5.4,0.7683213463551157,5.4,-0.002328246510276733,0.002328246504106411,0.002328246510276734
1,5.45,0.7684047232088606,5.45,-0.002328499167459377,0.002328499161238971,0.002328499167459376
1,5.5,0.7684880806550564,5.5,-0.002328751765831265,0.002328751759560777,0.002328751765831265
1,5.550000000000001,0.7685714187016607,5.550000000000001,-0.002329004305416513,0.002329004299095942,0.002329004305416515
1,5.600000000000001,0.7686547373566263,5.600000000000001,-0.00232925678623922,0.002329256779868564,0.002329256786239222
1,5.65,0.7687380366279017,5.65,-0.002329509208323471,0.002329509201902732,0.00232950920832347
1,5.7,0.7688213165234294,5.7,-0.002329761571693336,0.002329761565222513,0.002329761571693336
1,5.75,0.7689045770511491,5.75,-0.002330013876372872,0.002330013869851967,0.002330013876372872
1,5.800000000000001,0.7689878182189941,5.800000000000001,-0.002330266122386123,0.002330266115815134,0.002330266122386123
1,5.850000000000001,0.769071040034894,5.850000000000001,-0.002330518309757114,0.002330518303136042,0.002330518309757115
1,5.9,0.7691542425067734,5.9,-0.002330770438509862,0.002330770431838707,0.002330770438509863
1,5.95,0.7692374256425522,5.95,-0.002331022508668366,0.002331022501947128,0.002331022508668366
1,6.0,0.7693205894501457,6.0,-0.002331274520256611,0.00233127451348529,0.002331274520256611
1,6.050000000000001,0.7694037339374642,6.050000000000001,-0.002331526473298569,0.002331526466477164,0.002331526473298569
1,6.100000000000001,0.769486859112414,6.100000000000001,-0.002331778367818197,0.002331778360946709,0.002331778367818197
1,6.15,0.7695699649828961,6.15,-0.002332030203839438,0.002332030196917867,0.002332030203839438
1,6.2,0.769653051556807,6.2,-0.00233228198138622,0.002332281974414567,0.002332281981386221
1,6.25,0.7697361188420385,6.25,-0.00233253370048246,0.002332533693460723,0.002332533700482461
1,6.300000000000001,0.7698191668464784,6.300000000000001,-0.002332785361152057,0.002332785354080238,0.002332785361152057
1,6.350000000000001,0.7699021955780087,6.350000000000001,-0.002333036963418899,0.002333036956296996,0.002333036963418899
1,6.4,0.7699852050445073,6.4,-0.002333288507306856,0.002333288500134871,0.002333288507306856
1,6.45,0.7700681952538476,6.45,-0.002333539992839789,0.00233353998561772,0.002333539992839789
1,6.5,0.7701511662138982,6.5,-0.002333791420041541,0.002333791412769389,0.002333791420041541
1,6.550000000000001,0.7702341179325234,6.550000000000001,-0.002334042788935941,0.002334042781613707,0.002334042788935942
1,6.600000000000001,0.7703170504175819,6.600000000000001,-0.002334294099546808,0.00233429409217449,0.002334294099546809
1,6.65,0.770399963676929,6.65,-0.002334545351897942,0.002334545344475542,0.002334545351897943
1,6.7,0.7704828577184143,6.7,-0.002334796546013132,0.002334796538540649,0.002334796546013132
1,6.75,0.7705657325498835,6.75,-0.002335047681916152,0.002335047674393586,0.002335047681916153
1,6.800000000000001,0.7706485881791774,6.800000000000001,-0.002335298759630761,0.002335298752058113,0.002335298759630761
1,6.850000000000001,0.7707314246141318,6.850000000000001,-0.002335549779180707,0.002335549771557975,0.002335549779180708
1,6.9,0.770814241862579,6.9,-0.002335800740589721,0.002335800732916906,0.00233580074058972
1,6.95,0.7708970399323453,6.95,-0.00233605164388152,0.002336051636158622,0.00233605164388152
1,7.0,0.7709798188312532,7.0,-0.002336302489079809,0.002336302481306828,0.002336302489079809
1,7.050000000000001,0.7710625785671209,7.050000000000001,-0.002336553276208277,0.002336553268385215,0.002336553276208277
1,7.100000000000001,0.771145319147761,7.100000000000001,-0.002336804005290603,0.002336803997417457,0.002336804005290603
1,7.15,0.7712280405809819,7.15,-0.002337054676350446,0.002337054668427218,0.002337054676350446
1,7.2,0.771310742874588,7.2,-0.002337305289411456,0.002337305281438145,0.002337305289411457
1,7.25,0.7713934260363786,7.25,-0.002337555844497268,0.002337555836473874,0.002337555844497268
1,7.300000000000001,0.7714760900741481,7.300000000000001,-0.002337806341631501,0.002337806333558025,0.002337806341631502
1,7.350000000000001,0.7715587349956871,7.350000000000001,-0.002338056780837761,0.002338056772714203,0.002338056780837761
1,7.4,0.7716413608087808,7.4,-0.002338307162139643,0.002338307153966002,0.002338307162139643
1,7.45,0.7717239675212101,7.45,-0.002338557485560726,0.002338557477337,0.002338557485560726
1,7.5,0.771806555140752,7.5,-0.002338807751124571,0.002338807742850764,0.002338807751124571
1,7.550000000000001,0.7718891236751781,7.550000000000001,-0.002339057958854732,0.002339057950530843,0.002339057958854732
1,7.600000000000001,0.7719716731322555,7.600000000000001,-0.002339308108774746,0.002339308100400774,0.002339308108774747
1,7.65,0.7720542035197471,7.65,-0.002339558200908137,0.002339558192484082,0.002339558200908137
1,7.7,0.772136714845411,7.7,-0.002339808235278413,0.002339808226804276,0.002339808235278412
1,7.75,0.7722192071170008,7.75,-0.00234005821190907,0.002340058203384851,0.00234005821190907
1,7.800000000000001,0.7723016803422654,7.800000000000001,-0.002340308130823592,0.002340308122249289,0.002340308130823592
1,7.850000000000001,0.7723841345289497,7.850000000000001,-0.002340557992045444,0.00234055798342106,0.002340557992045444
1,7.9,0.7724665696847931,7.9,-0.002340807795598083,0.002340807786923616,0.002340807795598084
1,7.95,0.7725489858175317,7.95,-0.002341057541504949,0.002341057532780399,0.002341057541504949
1,8.0,0.7726313829348957,8.0,-0.002341307229789467,0.002341307221014836,0.002341307229789467
1,8.05,0.7727137610446119,8.05,-0.002341556860475053,0.002341556851650339,0.002341556860475054
1,8.1,0.7727961201544016,8.1,-0.002341806433585104,0.002341806424710308,0.002341806433585106
1,8.15,0.7728784602719827,8.15,-0.002342055949143009,0.002342055940218129,0.002342055949143009
1,8.200000000000001,0.7729607814050675,8.200000000000001,-0.002342305407172136,0.002342305398197174,0.002342305407172135
1,8.25,0.7730430835613643,8.25,-0.002342554807695844,0.002342554798670801,0.002342554807695844
1,8.3,0.7731253667485767,8.3,-0.002342804150737479,0.002342804141662354,0.00234280415073748
1,8.35,0.7732076309744041,8.35,-0.002343053436320372,0.002343053427195164,0.002343053436320372
1,8.4,0.773289876246541,8.4,-0.002343302664467839,0.002343302655292548,0.002343302664467839
1,8.450000000000001,0.7733721025726776,8.450000000000001,-0.002343551835203184,0.002343551825977811,0.002343551835203184
1,8.5,0.7734543099604997,8.5,-0.002343800948549697,0.002343800939274241,0.002343800948549697
1,8.55,0.7735364984176882,8.55,-0.002344050004530654,0.002344049995205116,0.002344050004530653
1,8.6,0.7736186679519198,8.6,-0.002344299003169316,0.002344298993793697,0.002344299003169317
1,8.65,0.7737008185708671,8.65,-0.002344547944488935,0.002344547935063234,0.002344547944488934
1,8.700000000000001,0.7737829502821972,8.700000000000001,-0.002344796828512745,0.002344796819036961,0.002344796828512744
1,8.75,0.7738650630935734,8.75,-0.002345045655263967,0.002345045645738101,0.002345045655263966
1,8.8,0.7739471570126545,8.8,-0.002345294424765808,0.002345294415189862,0.002345294424765808
1,8.85,0.7740292320470945,8.85,-0.002345543137041468,0.002345543127415438,0.002345543137041467
1,8.9,0.7741112882045433,8.9,-0.002345791792114122,0.00234579178243801,0.002345791792114123
1,8.950000000000001,0.7741933254926463,8.950000000000001,-0.00234604039000694,0.002346040380280746,0.002346040390006941
1,9.0,0.7742753439190442,9.0,-0.002346288930743076,0.0023462889209668,0.002346288930743077
1,9.05,0.7743573434913731,9.05,-0.00234653741434567,0.002346537404519312,0.002346537414345671
1,9.1,0.7744393242172652,9.1,-0.002346785840837849,0.00234678583096141,0.00234678584083785
1,9.15,0.7745212861043478,9.15,-0.002347034210242727,0.002347034200316205,0.002347034210242726
1,9.200000000000001,0.7746032291602433,9.200000000000001,-0.002347282522583403,0.002347282512606798,0.002347282522583404
1,9.25,0.774685153392571,9.25,-0.002347530777882962,0.002347530767856276,0.002347530777882962
1,9.3,0.7747670588089445,9.3,-0.002347778976164478,0.002347778966087711,0.002347778976164478
1,9.35,0.7748489454169736,9.35,-0.002348027117451011,0.002348027107324163,0.00234802711745101
1,9.4,0.7749308132242629,9.4,-0.002348275201765606,0.002348275191588675,0.002348275201765607
1,9.450000000000001,0.7750126622384136,9.450000000000001,-0.002348523229131297,0.002348523218904284,0.002348523229131297
1,9.5,0.7750944924670219,9.5,-0.002348771199571101,0.002348771189294006,0.002348771199571101
1,9.55,0.7751763039176796,9.55,-0.002349019113108025,0.002349019102780847,0.002349019113108025
1,9.600000000000001,0.7752580965979741,9.600000000000001,-0.002349266969765059,0.0023492669593878,0.00234926696976506
1,9.65,0.7753398705154884,9.65,-0.002349514769565183,0.002349514759137843,0.002349514769565184
1,9.700000000000001,0.7754216256778008,9.700000000000001,-0.002349762512531364,0.002349762502053942,0.002349762512531364
1,9.75,0.7755033620924856,9.75,-0.002350010198686551,0.002350010188159047,0.002350010198686552
1,9.8,0.7755850797671127,9.8,-0.002350257828053685,0.002350257817476099,0.002350257828053686
1,9.850000000000001,0.7756667787092475,9.850000000000001,-0.002350505400655689,0.002350505390028023,0.002350505400655688
1,9.9,0.7757484589264502,9.9,-0.002350752916515477,0.002350752905837728,0.002350752916515476
1,9.950000000000001,0.7758301204262779,9.950000000000001,-0.002351000375655945,0.002351000364928115,0.002351000375655945
1,10.0,0.7759117632162823,10.0,-0.00235124777809998,0.002351247767322068,0.00235124777809998
1,10.05,0.7759933873040112,10.05,-0.002351495123870452,0.002351495113042458,0.002351495123870453
1,10.1,0.7760749926970082,10.1,-0.002351742412990222,0.002351742402112146,0.002351742412990223
1,10.15,0.776156579402812,10.15,-0.002351989645482132,0.002351989634553976,0.002351989645482132
1,10.2,0.7762381474289567,10.2,-0.002352236821369017,0.002352236810390778,0.002352236821369017
1,10.25,0.7763196967829732,10.25,-0.002352483940673693,0.002352483929645373,0.002352483940673694
1,10.3,0.7764012274723865,10.3,-0.002352731003418966,0.002352730992340565,0.002352731003418966
1,10.35,0.7764827395047184,10.35,-0.002352978009627629,0.002352977998499147,0.002352978009627628
1,10.4,0.7765642328874853,10.4,-0.00235322495932246,0.002353224948143895,0.00235322495932246
1,10.45,0.7766457076282008,10.45,-0.002353471852526224,0.002353471841297578,0.002353471852526223
1,10.5,0.776727163734372,10.5,-0.002353718689261674,0.002353718677982945,0.002353718689261674
1,10.55,0.7768086012135036,10.55,-0.002353965469551547,0.002353965458222738,0.002353965469551548
1,10.6,0.7768900200730948,10.6,-0.002354212193418572,0.002354212182039681,0.002354212193418572
1,10.65,0.7769714203206408,10.65,-0.002354458860885459,0.002354458849456487,0.002354458860885459
1,10.7,0.7770528019636321,10.7,-0.002354705471974908,0.002354705460495855,0.002354705471974909
1,10.75,0.7771341650095558,10.75,-0.002354952026709607,0.002354952015180472,0.002354952026709607
1,10.8,0.7772155094658934,10.8,-0.002355198525112226,0.00235519851353301,0.002355198525112226
1,10.85,0.7772968353401226,10.85,-0.002355444967205426,0.002355444955576129,0.002355444967205426
1,10.9,0.7773781426397173,10.9,-0.002355691353011855,0.002355691341332477,0.002355691353011855
1,10.95,0.7774594313721459,10.95,-0.002355937682554144,0.002355937670824685,0.002355937682554145
1,11.0,0.7775407015448739,11.0,-0.002356183955854916,0.002356183944075375,0.002356183955854916
1,11.05,0.7776219531653609,11.05,-0.002356430172936777,0.002356430161107154,0.002356430172936777
1,11.1,0.7777031862410634,11.1,-0.002356676333822319,0.002356676321942616,0.00235667633382232
1,11.15,0.777784400779433,11.15,-0.002356922438534127,0.002356922426604343,0.002356922438534127
1,11.2,0.7778655967879172,11.2,-0.002357168487094767,0.002357168475114901,0.002357168487094768
1,11.25,0.7779467742739593,11.25,-0.002357414479526794,0.002357414467496846,0.002357414479526794
1,11.3,0.7780279332449975,11.3,-0.002357660415852748,0.00235766040377272,0.002357660415852748
1,11.35,0.7781090737084665,11.35,-0.00235790629609516,0.00235790628396505,0.00235790629609516
1,11.4,0.7781901956717968,11.4,-0.002358152120276544,0.002358152108096354,0.002358152120276544
1,11.45,0.7782712991424136,11.45,-0.002358397888419404,0.002358397876189132,0.002358397888419405
1,11.5,0.7783523841277391,11.5,-0.002358643600546229,0.002358643588265876,0.002358643600546229
1,11.55,0.7784334506351901,11.55,-0.002358889256679494,0.002358889244349061,0.002358889256679495
1,11.6,0.7785144986721796,11.6,-0.002359134856841665,0.00235913484446115,0.002359134856841667
1,11.65,0.7785955282461166,11.65,-0.002359380401055191,0.002359380388624596,0.002359380401055192
1,11.7,0.7786765393644047,11.7,-0.00235962588934251,0.002359625876861832,0.002359625889342511
1,11.75,0.7787575320344448,11.75,-0.002359871321726045,0.002359871309195287,0.002359871321726046
1,11.8,0.7788385062636324,11.8,-0.002360116698228209,0.002360116685647371,0.002360116698228209
1,11.85,0.7789194620593585,11.85,-0.0023603620188714,0.00236036200624048,0.0023603620188714
1,11.9,0.7790003994290107,11.9,-0.002360607283678004,0.002360607270997002,0.002360607283678005
1,11.95,0.7790813183799725,11.95,-0.002360852492670392,0.002360852479939311,0.002360852492670392
1,12.0,0.7791622189196215,12.0,-0.002361097645870926,0.002361097633089762,0.002361097645870927
2,0.0,0.0,0.0,0.0,0.0,0.0
2,0.05,0.0427125816002955,0.05,-4.271258634546196e-05,4.27125816002955e-05,4.271261365625078e-05
2,0.1,0.08512508767987906,0.1,-8.512510827528606e-05,8.512508767987906e-05,8.512522553094632e-05
2,0.15,0.1272202609665279,0.15,-0.000127220284494176,0.0001272202609665279,0.0001272204151414516
2,0.2,0.1689795985199085,0.2,-0.000168979625420254,0.0001689795985199086,0.0001689797711927096
2,0.25,0.2103833111900032,0.25,-0.0002103833419673303,0.0002103833111900032,0.0002103835047878419
2,0.3,0.2514102129766969,0.3,-0.0002514102482202986,0.0002514102129766969,0.0002514104302848512
2,0.35,0.2920376175383642,0.35,-0.0002920376579344773,0.0002920376175383642,0.0002920378617366864
2,0.4,0.3322412285521537,0.4,-0.0003322412749000689,0.0003322412285521537,0.0003322415032709481
2,0.45,0.3719950241289065,0.45,-0.0003719950773595742,0.0003719950241289065,0.0003719953335118103
2,0.5,0.4112711356591507,0.5,-0.0004112711968565789,0.0004112711356591507,0.0004112714844334979
2,0.55,0.4500397217121719,0.55,-0.0004500397921378821,0.000450039721712172,0.0004500401152671562
2,0.6000000000000001,0.4882688379169792,0.6000000000000001,-0.0004882689190377643,0.0004882688379169792,0.0004882692823896808
2,0.65,0.5259243041352276,0.65,-0.0005259243976543705,0.0005259243041352276,0.0005259248065042131
2,0.7000000000000001,0.5629695707035843,0.7000000000000001,-0.0005629696785955729,0.0005629695707035843,0.0005629701388892705
2,0.75,0.5993655860883472,0.75,-0.0005993657106369366,0.0005993655860883473,0.0005993662290585617
2,0.8,0.6350706689689927,0.8,-0.0006350708128081621,0.0006350706689689927,0.0006350713968472257
2,0.8500000000000001,0.6700403885578927,0.8500000000000001,-0.0006700405547148632,0.0006700403885578928,0.0006700412127304034
2,0.9,0.704227457874187,0.9,-0.0007042276498131052,0.000704227457874187,0.0007042283910905038
2,0.9500000000000001,0.737581645716798,0.9500000000000001,-0.000737581867380981,0.000737581645716798,0.0007375827021761169
2,1.0,0.7700497142098467,1.0,-0.0007700499700595831,0.0007700497142098467,0.000770050909623395
2,1.05,0.8015753899927057,1.05,-0.0008015756850344997,0.0008015753899927058,0.0008015767416093446
2,1.1,0.832099378345373,1.1,-0.000832099718147242,0.0008320993783453729,0.0008321009049246806
2,1.15,0.8615594307003046,1.15,-0.0008615598213863583,0.0008615594307003047,0.0008615611524143185
2,1.2,0.8898904769854151,1.2,-0.0008898909252015447,0.0008898904769854151,0.0008898924152274916
2,1.25,0.9170248349256032,1.25,-0.0009170253477669291,0.0009170248349256032,0.0009170270120030538
2,1.3,0.9428925086220812,1.3,-0.0009428930935121318,0.0009428925086220812,0.0009428949473090206
2,1.35,0.9674215882187523,1.35,-0.0009674222527305159,0.0009674215882187523,0.0009674243111479598
2,1.4,0.9905387610226513,1.4,-0.0009905395126332268,0.0009905387610226514,0.0009905417899011794
2,1.45,1.012169941843715,1.45,-0.00101217078761766,0.001012169941843715,0.00101217329648744
2,1.5,1.03224102636737,1.5,-0.001032241972569471,0.00103224102636737,0.001032244723565367
2,1.55,1.050678765962856,1.55,-0.001050679817609154,0.001050678765962856,0.001050682818203592
2,1.6,1.067411755487089,1.6,-0.001067412915853229,0.001067411755487089,0.001067416169603783
2,1.65,1.082371517582641,1.65,-0.001082372787700232,0.001082371517582641,0.001082376293402734
2,1.7,1.095493658134211,1.7,-0.00109549503631731,0.001095493658134211,0.001095498787243773
2,1.75,1.106719058631746,1.75,-0.001106720540084568,0.001106719058631746,0.001106724523384793
2,1.8,1.115995063099488,1.8,-0.001115996639660448,0.001115995063099488,0.001116000836008772
2,1.85,1.123276611035068,1.85,-0.001123278271108781,0.001123276611035068,0.001123282654669842
2,1.9,1.128527264508161,1.9,-0.001128528993224618,0.001128527264508161,0.001128533531992512
2,1.95,1.131720078064237,1.95,-0.00113172185768304,0.001131720078064237,0.001131726514217375
2,2.0,1.132838264872332,2.0,-0.001132840075421924,0.001132838264872332,0.001132844807964874
2,2.05,1.132917539052102,2.05,-0.001132917995549725,0.001132917539052102,0.001132919182691344
2,2.1,1.132995889538681,2.1,-0.001132995892774036,0.001132995889538681,0.001132995892774974
2,2.15,1.133073763822412,2.15,-0.001133073767107581,0.001133073763822412,0.001133073767107831
2,2.2,1.133151615226902,2.2,-0.001133151618562054,0.001133151615226902,0.001133151618562055
2,2.25,1.133229443763822,2.25,-0.001133229447149052,0.001133229443763822,0.001133229447149052
2,2.3,1.133307249444856,2.3,-0.001133307252880164,0.001133307249444856,0.001133307252880163
2,2.35,1.133385032281584,2.35,-0.001133385035766969,0.001133385032281584,0.00113338503576697
2,2.4,1.13346279228558,2.4,-0.001133462795821043,0.00113346279228558,0.001133462795821043
2,2.45,1.133540529468406,2.45,-0.001133540533053946,0.001133540529468406,0.001133540533053947
2,2.5,1.133618243841619,2.5,-0.001133618247477237,0.001133618243841619,0.001133618247477238
2,2.55,1.133695935416765,2.55,-0.001133695939102461,0.001133695935416765,0.001133695939102462
2,2.6,1.133773604205385,2.6,-0.001133773607941159,0.001133773604205385,0.00113377360794116
2,2.65,1.133851250219007,2.65,-0.001133851254004859,0.001133851250219007,0.001133851254004859
2,2.7,1.133928873469155,2.7,-0.001133928877305084,0.001133928873469155,0.001133928877305085
2,2.75,1.134006473967342,2.75,-0.001134006477853349,0.001134006473967342,0.00113400647785335
2,2.8,1.134084051725074,2.8,-0.001134084055661158,0.001134084051725074,0.001134084055661159
2,2.85,1.134161606753848,2.85,-0.00113416161074001,0.001134161606753848,0.001134161610740011
2,2.9,1.134239139065154,2.9,-0.001134239143101393,0.001134239139065154,0.001134239143101393
2,2.95,1.134316648670471,2.95,-0.001134316652756788,0.001134316648670471,0.001134316652756788
2,3.0,1.134394135581272,3.0,-0.001134394139717667,0.001134394135581272,0.001134394139717667
2,3.05,1.134471599809022,3.05,-0.001134471603995494,0.001134471599809022,0.001134471603995494
2,3.1,1.134549041365176,3.1,-0.001134549045601725,0.001134549041365176,0.001134549045601726
2,3.15,1.134626460261182,3.15,-0.001134626464547809,0.001134626460261182,0.001134626464547809
2,3.2,1.134703856508479,3.2,-0.001134703860845184,0.001134703856508479,0.001134703860845184
2,3.25,1.134781230118499,3.25,-0.001134781234505281,0.001134781230118499,0.00113478123450528
2,3.3,1.134858581102663,3.3,-0.001134858585539522,0.001134858581102663,0.001134858585539523
2,3.35,1.134935909472388,3.35,-0.001134935913959324,0.001134935909472388,0.001134935913959324
2,3.4,1.135013215239079,3.4,-0.001135013219776093,0.001135013215239079,0.001135013219776093
2,3.45,1.135090498414134,3.45,-0.001135090503001225,0.001135090498414134,0.001135090503001226
2,3.5,1.135167759008945,3.5,-0.001135167763646113,0.001135167759008945,0.001135167763646113
2,3.55,1.135244997034891,3.55,-0.001135245001722137,0.001135244997034891,0.001135245001722138
2,3.6,1.135322212503348,3.6,-0.001135322217240671,0.001135322212503348,0.001135322217240671
2,3.65,1.13539940542568,3.65,-0.001135399410213079,0.00113539940542568,0.001135399410213081
2,3.7,1.135476575813245,3.7,-0.001135476580650722,0.001135476575813245,0.001135476580650722
2,3.75,1.135553723677391,3.75,-0.001135553728564945,0.001135553723677391,0.001135553728564946
2,3.8,1.135630849029461,3.8,-0.001135630853967092,0.001135630849029461,0.001135630853967093
2,3.85,1.135707951880786,3.85,-0.001135707956868495,0.001135707951880787,0.001135707956868495
2,3.9,1.135785032242692,3.9,-0.001135785037280477,0.001135785032242692,0.001135785037280477
2,3.95,1.135862090126494,3.95,-0.001135862095214357,0.001135862090126494,0.001135862095214357
2,4.0,1.135939125543502,4.0,-0.001135939130681441,0.001135939125543502,0.001135939130681442
2,4.05,1.136016138505015,4.05,-0.001136016143693031,0.001136016138505015,0.001136016143693032
2,4.100000000000001,1.136093129022326,4.100000000000001,-0.00113609313426042,0.001136093129022326,0.00113609313426042
2,4.15,1.136170097106718,4.15,-0.001136170102394889,0.001136170097106718,0.001136170102394889
2,4.2,1.136247042769469,4.2,-0.001136247048107716,0.001136247042769469,0.001136247048107716
2,4.25,1.136323966021844,4.25,-0.001136323971410169,0.001136323966021844,0.001136323971410169
2,4.3,1.136400866875105,4.3,-0.001136400872313506,0.001136400866875105,0.001136400872313507
2,4.350000000000001,1.136477745340503,4.350000000000001,-0.001136477750828981,0.001136477745340504,0.001136477750828982
2,4.4,1.136554601429282,4.4,-0.001136554606967837,0.001136554601429282,0.001136554606967838
2,4.45,1.136631435152678,4.45,-0.001136631440741309,0.001136631435152678,0.00113663144074131
2,4.5,1.136708246521916,4.5,-0.001136708252160625,0.001136708246521917,0.001136708252160626
2,4.55,1.136785035548219,4.55,-0.001136785041237004,0.001136785035548219,0.001136785041237005
2,4.600000000000001,1.136861802242796,4.600000000000001,-0.001136861807981658,0.001136861802242796,0.001136861807981658
2,4.65,1.136938546616851,4.65,-0.00113693855240579,0.001136938546616851,0.00113693855240579
2,4.7,1.13701526868158,4.7,-0.001137015274520595,0.00113701526868158,0.001137015274520596
2,4.75,1.13709196844817,4.75,-0.001137091974337262,0.00113709196844817,0.001137091974337262
2,4.800000000000001,1.1371686459278,4.800000000000001,-0.001137168651866968,0.0011371686459278,0.00113716865186697
2,4.850000000000001,1.137245301131642,4.850000000000001,-0.001137245307120888,0.001137245301131642,0.001137245307120888
2,4.9,1.137321934070858,4.9,-0.001137321940110181,0.001137321934070859,0.001137321940110182
2,4.95,1.137398544756606,4.95,-0.001137398550846005,0.001137398544756606,0.001137398550846006
2,5.0,1.137475133200031,5.0,-0.001137475139339507,0.001137475133200031,0.001137475139339508
2,5.050000000000001,1.137551699412274,5.050000000000001,-0.001137551705601826,0.001137551699412274,0.001137551705601827
2,5.100000000000001,1.137628243404466,5.100000000000001,-0.001137628249644095,0.001137628243404466,0.001137628249644095
2,5.15,1.13770476518773,5.15,-0.001137704771477435,0.00113770476518773,0.001137704771477436
2,5.2,1.137781264773182,5.2,-0.001137781271112964,0.001137781264773182,0.001137781271112964
2,5.25,1.13785774217193,5.25,-0.001137857748561788,0.00113785774217193,0.001137857748561788
2,5.300000000000001,1.137934197395073,5.300000000000001,-0.001137934203835008,0.001137934197395073,0.001137934203835008
2,5.350000000000001,1.138010630453703,5.350000000000001,-0.001138010636943714,0.001138010630453703,0.001138010636943713
2,5.4,1.138087041358904,5.4,-0.001138087047898991,0.001138087041358904,0.001138087047898991
2,5.45,1.138163430121752,5.45,-0.001138163436711915,0.001138163430121752,0.001138163436711917
2,5.5,1.138239796753315,5.5,-0.001138239803393555,0.001138239796753315,0.001138239803393556
2,5.550000000000001,1.138316141264653,5.550000000000001,-0.001138316147954969,0.001138316141264654,0.00113831614795497
2,5.600000000000001,1.138392463666819,5.600000000000001,-0.001138392470407212,0.001138392463666819,0.001138392470407212
2,5.65,1.138468763970856,5.65,-0.001138468770761326,0.001138468763970856,0.001138468770761326
2,5.7,1.138545042187802,5.7,-0.001138545049028348,0.001138545042187802,0.001138545049028349
2,5.75,1.138621298328685,5.75,-0.001138621305219306,0.001138621298328685,0.001138621305219307
2,5.800000000000001,1.138697532404525,5.800000000000001,-0.001138697539345224,0.001138697532404525,0.001138697539345223
2,5.850000000000001,1.138773744426336,5.850000000000001,-0.00113877375141711,0.001138773744426336,0.001138773751417111
2,5.9,1.138849934405123,5.9,-0.001138849941445974,0.001138849934405124,0.001138849941445973
2,5.95,1.138926102351883,5.95,-0.001138926109442809,0.001138926102351883,0.001138926109442811
2,6.0,1.139002248277606,6.0,-0.001139002255418609,0.001139002248277606,0.001139002255418609
2,6.050000000000001,1.139078372193272,6.050000000000001,-0.001139078379384351,0.001139078372193272,0.001139078379384351
2,6.100000000000001,1.139154474109856,6.100000000000001,-0.001139154481351011,0.001139154474109856,0.001139154481351011
2,6.15,1.139230554038324,6.15,-0.001139230561329555,0.001139230554038324,0.001139230561329556
2,6.2,1.139306611989634,6.2,-0.001139306619330941,0.001139306611989634,0.001139306619330942
2,6.25,1.139382647974736,6.25,-0.001139382655366119,0.001139382647974736,0.001139382655366119
2,6.300000000000001,1.139458662004573,6.300000000000001,-0.001139458669446033,0.001139458662004573,0.001139458669446033
2,6.350000000000001,1.13953465409008,6.350000000000001,-0.001139534661581616,0.00113953465409008,0.001139534661581615
2,6.4,1.139610624242184,6.4,-0.001139610631783795,0.001139610624242184,0.001139610631783794
2,6.45,1.139686572471803,6.45,-0.00113968658006349,0.001139686572471803,0.001139686580063491
2,6.5,1.13976249878985,6.5,-0.001139762506431613,0.00113976249878985,0.001139762506431614
2,6.550000000000001,1.139838403207229,6.550000000000001,-0.001139838410899067,0.001139838403207229,0.001139838410899068
2,6.600000000000001,1.139914285734834,6.600000000000001,-0.001139914293476748,0.001139914285734834,0.001139914293476749
2,6.65,1.139990146383555,6.65,-0.001139990154175546,0.001139990146383555,0.001139990154175546
2,6.7,1.140065985164273,6.7,-0.001140065993006338,0.001140065985164273,0.001140065993006339
2,6.75,1.140141802087859,6.75,-0.001140141809980001,0.001140141802087859,0.001140141809980001
2,6.800000000000001,1.140217597165179,6.800000000000001,-0.001140217605107397,0.001140217597165179,0.001140217605107397
2,6.850000000000001,1.140293370407091,6.850000000000001,-0.001140293378399384,0.001140293370407091,0.001140293378399385
2,6.9,1.140369121824443,6.9,-0.001140369129866813,0.001140369121824443,0.001140369129866814
2,6.95,1.14044485142808,6.95,-0.001140444859520524,0.00114044485142808,0.001140444859520525
2,7.0,1.140520559228833,7.0,-0.001140520567371354,0.001140520559228833,0.001140520567371354
2,7.050000000000001,1.14059624523753,7.050000000000001,-0.001140596253430127,0.00114059624523753,0.001140596253430128
2,7.100000000000001,1.140671909464991,7.100000000000001,-0.001140671917707663,0.001140671909464991,0.001140671917707664
2,7.15,1.140747551922026,7.15,-0.001140747560214773,0.001140747551922026,0.001140747560214774
2,7.2,1.140823172619439,7.2,-0.001140823180962263,0.001140823172619439,0.001140823180962263
2,7.25,1.140898771568025,7.25,-0.001140898779960924,0.001140898771568025,0.001140898779960925
2,7.300000000000001,1.140974348778575,7.300000000000001,-0.00114097435722155,0.001140974348778575,0.00114097435722155
2,7.350000000000001,1.141049904261867,7.350000000000001,-0.001141049912754917,0.001141049904261867,0.001141049912754918
2,7.4,1.141125438028675,7.4,-0.001141125446571801,0.001141125438028675,0.001141125446571802
2,7.45,1.141200950089766,7.45,-0.001141200958682967,0.001141200950089766,0.001141200958682967
2,7.5,1.141276440455895,7.5,-0.001141276449099171,0.001141276440455895,0.001141276449099172
2,7.550000000000001,1.141351909137814,7.550000000000001,-0.001141351917831166,0.001141351909137814,0.001141351917831166
2,7.600000000000001,1.141427356146265,7.600000000000001,-0.001141427364889693,0.001141427356146265,0.001141427364889693
2,7.65,1.141502781491983,7.65,-0.001141502790285487,0.001141502781491983,0.001141502790285487
2,7.7,1.141578185185697,7.7,-0.001141578194029275,0.001141578185185697,0.001141578194029276
2,7.75,1.141653567238124,7.75,-0.001141653576131778,0.001141653567238124,0.00114165357613178
2,7.800000000000001,1.141728927659979,7.800000000000001,-0.001141728936603708,0.001141728927659979,0.001141728936603709
2,7.850000000000001,1.141804266461965,7.850000000000001,-0.001141804275455771,0.001141804266461966,0.001141804275455771
2,7.9,1.141879583654781,7.9,-0.00114187959269866,0.001141879583654781,0.00114187959269866
2,7.95,1.141954879249114,7.95,-0.00114195488834307,0.001141954879249114,0.001141954888343069
2,8.0,1.142030153255648,8.0,-0.001142030162399678,0.001142030153255648,0.001142030162399678
2,8.05,1.142105405685056,8.05,-0.001142105414879162,0.001142105405685056,0.001142105414879163
2,8.1,1.142180636548007,8.1,-0.001142180645792188,0.001142180636548007,0.001142180645792188
2,8.15,1.142255845855159,8.15,-0.001142255855149415,0.001142255845855159,0.001142255855149415
2,8.200000000000001,1.142331033617164,8.200000000000001,-0.001142331042961496,0.001142331033617164,0.001142331042961495
2,8.25,1.142406199844667,8.25,-0.001142406209239073,0.001142406199844667,0.001142406209239073
2,8.3,1.142481344548304,8.3,-0.001142481353992786,0.001142481344548304,0.001142481353992786
2,8.35,1.142556467738706,8.35,-0.001142556477233262,0.001142556467738706,0.001142556477233263
2,8.4,1.142631569426494,8.4,-0.001142631578971125,0.001142631569426494,0.001142631578971125
2,8.450000000000001,1.142706649622282,8.450000000000001,-0.001142706659216989,0.001142706649622282,0.001142706659216989
2,8.5,1.142781708336677,8.5,-0.001142781717981459,0.001142781708336677,0.00114278171798146
2,8.55,1.14285674558028,8.55,-0.001142856755275137,0.00114285674558028,0.001142856755275137
2,8.6,1.142931761363681,8.6,-0.001142931771108613,0.001142931761363681,0.001142931771108613
2,8.65,1.143006755697466,8.65,-0.001143006765492473,0.001143006755697466,0.001143006765492474
2,8.700000000000001,1.143081728592212,8.700000000000001,-0.001143081738437294,0.001143081728592212,0.001143081738437293
2,8.75,1.143156680058487,8.75,-0.001143156689953644,0.001143156680058487,0.001143156689953644
2,8.8,1.143231610106856,8.8,-0.001143231620052087,0.001143231610106856,0.001143231620052088
2,8.85,1.143306518747872,8.85,-0.001143306528743178,0.001143306518747872,0.001143306528743178
2,8.9,1.143381405992082,8.9,-0.001143381416037464,0.001143381405992082,0.001143381416037464
2,8.950000000000001,1.143456271850027,8.950000000000001,-0.001143456281945484,0.001143456271850027,0.001143456281945485
2,9.0,1.14353111633224,9.0,-0.001143531126477772,0.00114353111633224,0.001143531126477773
2,9.05,1.143605939449246,9.05,-0.001143605949644853,0.001143605939449246,0.001143605949644852
2,9.1,1.143680741211561,9.1,-0.001143680751457243,0.001143680741211561,0.001143680751457243
2,9.15,1.143755521629698,9.15,-0.001143755531925454,0.001143755521629698,0.001143755531925454
2,9.200000000000001,1.143830280714157,9.200000000000001,-0.001143830291059988,0.001143830280714157,0.001143830291059989
2,9.25,1.143905018475437,9.25,-0.001143905028871342,0.001143905018475437,0.001143905028871343
2,9.3,1.143979734924023,9.3,-0.001143979745370004,0.001143979734924024,0.001143979745370004
2,9.35,1.144054430070399,9.35,-0.001144054440566454,0.001144054430070399,0.001144054440566454
2,9.4,1.144129103925036,9.4,-0.001144129114471165,0.001144129103925036,0.001144129114471165
2,9.450000000000001,1.144203756498402,9.450000000000001,-0.001144203767094605,0.001144203756498402,0.001144203767094605
2,9.5,1.144278387800954,9.5,-0.001144278398447232,0.001144278387800954,0.001144278398447232
2,9.55,1.144352997843145,9.55,-0.001144353008539498,0.001144352997843145,0.001144353008539498
2,9.600000000000001,1.144427586635418,9.600000000000001,-0.001144427597381846,0.001144427586635418,0.001144427597381847
2,9.65,1.144502154188211,9.65,-0.001144502164984714,0.001144502154188211,0.001144502164984715
2,9.700000000000001,1.144576700511953,9.700000000000001,-0.00114457671135853,0.001144576700511953,0.001144576711358532
2,9.75,1.144651225617067,9.75,-0.001144651236513719,0.001144651225617067,0.001144651236513719
2,9.8,1.144725729513967,9.8,-0.001144725740460693,0.001144725729513967,0.001144725740460694
2,9.850000000000001,1.144800212213061,9.850000000000001,-0.001144800223209862,0.001144800212213061,0.001144800223209863
2,9.9,1.144874673724749,9.9,-0.001144874684771624,0.001144874673724749,0.001144874684771624
2,9.950000000000001,1.144949114059425,9.950000000000001,-0.001144949125156374,0.001144949114059425,0.001144949125156375
2,10.0,1.145023533227473,10.0,-0.001145023544374497,0.001145023533227473,0.001145023544374498
2,10.05,1.145097931239274,10.05,-0.001145097942436372,0.001145097931239274,0.001145097942436372
2,10.1,1.145172308105197,10.1,-0.00114517231935237,0.001145172308105197,0.00114517231935237
2,10.15,1.145246663835607,10.15,-0.001145246675132854,0.001145246663835607,0.001145246675132855
2,10.2,1.145320998440861,10.2,-0.001145321009788183,0.001145320998440861,0.001145321009788183
2,10.25,1.145395311931308,10.25,-0.001145395323328704,0.001145395311931308,0.001145395323328704
2,10.3,1.145469604317291,10.3,-0.001145469615764761,0.001145469604317291,0.001145469615764762
2,10.35,1.145543875609144,10.35,-0.001145543887106689,0.001145543875609144,0.001145543887106689
2,10.4,1.145618125817196,10.4,-0.001145618137364814,0.001145618125817196,0.001145618137364815
2,10.45,1.145692354951766,10.45,-0.001145692366549459,0.001145692354951766,0.00114569236654946
2,10.5,1.145766563023169,10.5,-0.001145766574670936,0.001145766563023169,0.001145766574670937
2,10.55,1.145840750041711,10.55,-0.001145840761739552,0.001145840750041711,0.001145840761739553
2,10.6,1.14591491601769,10.6,-0.001145914927765606,0.001145914916017691,0.001145914927765606
2,10.65,1.145989060961399,10.65,-0.001145989072759388,0.001145989060961399,0.001145989072759389
2,10.7,1.146063184883122,10.7,-0.001146063196731186,0.001146063184883122,0.001146063196731187
2,10.75,1.146137287793137,10.75,-0.001146137299691275,0.001146137287793137,0.001146137299691275
2,10.8,1.146211369701713,10.8,-0.001146211381649924,0.001146211369701713,0.001146211381649925
2,10.85,1.146285430619114,10.85,-0.0011462854426174,0.001146285430619114,0.001146285442617401
2,10.9,1.146359470555596,10.9,-0.001146359482603956,0.001146359470555596,0.001146359482603957
2,10.95,1.146433489521408,10.95,-0.001146433501619842,0.001146433489521408,0.001146433501619843
2,11.0,1.146507487526792,11.0,-0.001146507499675298,0.001146507487526792,0.001146507499675299
2,11.05,1.14658146458198,11.05,-0.001146581476780563,0.00114658146458198,0.001146581476780563
2,11.1,1.146655420697203,11.1,-0.001146655432945859,0.001146655420697203,0.001146655432945859
2,11.15,1.146729355882679,11.15,-0.001146729368181409,0.001146729355882679,0.001146729368181409
2,11.2,1.146803270148622,11.2,-0.001146803282497426,0.001146803270148622,0.001146803282497426
2,11.25,1.146877163505238,11.25,-0.001146877175904116,0.001146877163505238,0.001146877175904116
2,11.3,1.146951035962726,11.3,-0.001146951048411677,0.001146951035962726,0.001146951048411677
2,11.35,1.147024887531277,11.35,-0.001147024900030303,0.001147024887531277,0.001147024900030302
2,11.4,1.147098718221077,11.4,-0.001147098730770176,0.001147098718221077,0.001147098730770176
2,11.45,1.147172528042303,11.45,-0.001147172540641475,0.001147172528042303,0.001147172540641476
2,11.5,1.147246317005125,11.5,-0.001147246329654372,0.001147246317005125,0.001147246329654371
2,11.55,1.147320085119707,11.55,-0.001147320097819028,0.001147320085119707,0.001147320097819029
2,11.6,1.147393832396207,11.6,-0.0011473938451456,0.001147393832396207,0.0011473938451456
2,11.65,1.147467558844772,11.65,-0.00114746757164424,0.001147467558844772,0.00114746757164424
2,11.7,1.147541264475545,11.7,-0.001147541277325086,0.001147541264475545,0.001147541277325087
2,11.75,1.147614949298662,11.75,-0.001147614962198277,0.001147614949298663,0.001147614962198277
2,11.8,1.147688613324251,11.8,-0.00114768862627394,0.001147688613324251,0.001147688626273941
2,11.85,1.147762256562433,11.85,-0.001147762269562196,0.001147762256562433,0.001147762269562196
2,11.9,1.147835879023323,11.9,-0.00114783589207316,0.001147835879023322,0.00114783589207316
2,11.95,1.147909480717026,11.95,-0.001147909493816936,0.001147909480717026,0.001147909493816937
2,12.0,1.147983061653645,12.0,-0.001147983074803628,0.001147983061653645,0.001147983074803629
3,0.0,0.0,0.0,0.0,0.0,0.0
3,0.05,0.04639824249115266,0.05,-2.109011103693423e-05,2.109011022325121e-05,2.109012026399552e-05
3,0.1,0.09262796625975066,0.1,-4.210362441623252e-05,4.210362102715939e-05,4.210366463357606e-05
3,0.15,0.1386775769871393,0.15,-6.303526628847372e-05,6.303526226688152e-05,6.303531212701927e-05
3,0.2,0.1845344293547234,0.2,-8.387929082762959e-05,8.387928607032883e-05,8.387934320656802e-05
3,0.25,0.2301847320951142,0.25,-0.0001046294292971956,0.0001046294236795974,0.0001046294892946908
3,0.3,0.2756134177229098,0.3,-0.0001252788328676359,0.0001252788262376863,0.000125278901765713
3,0.35,0.3208040011892541,0.35,-0.0001458200083687396,0.00014582000054057,0.0001458200876925153
3,0.4,0.3657384209680388,0.4,-0.0001662447460579611,0.000166244736803654,0.000166244837626354
3,0.45,0.410396860312525,0.45,-0.000186544038375576,0.0001865440274147841,0.0001865441443633754
3,0.5,0.4547575461612572,0.5,-0.000206707988541032,0.0002067079755278442,0.0002067081115549576
3,0.55,0.4987965229093214,0.55,-0.0002267257077252006,0.0002267256922315097,0.0002267258508972161
3,0.6000000000000001,0.5424873980026516,0.6000000000000001,-0.0002465851994159067,0.0002465851809102961,0.000246585366517769
3,0.65,0.585801056078176,0.65,-0.0002662732294873376,0.0002662732073082618,0.0002662734250712415
3,0.7000000000000001,0.6287053381891232,0.7000000000000001,-0.000285775180400653,0.0002857751537223288,0.0002857754099718389
3,0.75,0.6711646825641294,0.75,-0.0003050748879219324,0.0003050748557109679,0.0003050751581502822
3,0.8,0.7131397234103856,0.8,-0.0003241544587717165,0.0003241544197319934,0.0003241547777505836
3,0.8500000000000001,0.7545868445689864,0.8500000000000001,-0.0003429940677558883,0.0003429940202586302,0.0003429944453176762
3,0.9,0.795457685481493,0.9,-0.0003615717332235424,0.0003615716752188605,0.0003615721813226268
3,0.9500000000000001,0.8356985980889988,0.9500000000000001,-0.0003798630702258592,0.0003798629991313631,0.0003798636034000765
3,1.0,0.8752500551698698,1.0,-0.0003978410216066513,0.0003978409341681226,0.0003978416575283192
3,1.05,0.9140460135039539,1.05,-0.0004154755685648699,0.0004154754606836154,0.0004154763286903099
3,1.1,0.9520132394741867,1.1,-0.0004327334241483846,0.0004327332906700849,0.0004327343344701514
3,1.15,0.9890706106965597,1.15,-0.0004495777158555095,0.000449577550316618,0.0004495788077523075
3,1.2,1.025128415476284,1.2,-0.0004659676672492861,0.0004659674615801291,0.0004659689784126838
3,1.25,1.060087682801256,1.25,-0.0004818582934472109,0.0004818580376369344,0.0004818598688388946
3,1.3,1.093839589600244,1.3,-0.0004972001317157565,0.0004971998134546565,0.0004972020244711006
3,1.35,1.126265009262503,1.35,-0.000511939036242577,0.000511938640573865,0.0005119413083828262
3,1.4,1.157234285580035,1.4,-0.0005260160753174643,0.0005260155843545612,0.0005260187980626785
3,1.45,1.186607338095628,1.45,-0.0005393675790639763,0.0005393669718616492,0.0005393708324552039
3,1.5,1.214234225730237,1.5,-0.0005519253953533843,0.0005519246480591987,0.0005519292668062821
3,1.55,1.239956311097736,1.55,-0.000563617418594801,0.0005636165050444254,0.0005636219999418253
3,1.6,1.263610600750937,1.6,-0.0005743684577539203,0.0005743684548867897,0.0005743684577613317
3,1.65,1.28502329868385,1.65,-0.0005841015023410326,0.0005841014994017502,0.0005841015023517251
3,1.7,1.304026726364925,1.7,-0.0005927394240842138,0.0005927394210749659,0.0005927394240990616
3,1.75,1.320455644257444,1.75,-0.000600207114103021,0.0006002071110261111,0.0006002071141230724
3,1.8,1.334154793310459,1.8,-0.0006064340001013728,0.0006064339969592995,0.0006064340001274835
3,1.85,1.344984995620595,1.85,-0.0006113568193956817,0.0006113568161911794,0.0006113568194283124
3,1.9,1.352829387357509,1.9,-0.0006149224520627806,0.0006149224487988678,0.0006149224521017451
3,1.95,1.357599225813733,1.95,-0.0006170905605080594,0.0006170905571880605,0.0006170905605523549
3,2.0,1.359238656292099,2.0,-0.0006178357562325323,0.0006178357528600449,0.0006178357562803315
3,2.05,1.359301595329267,2.05,-0.0006178650820100967,0.000617864361513303,0.0006178681296134649
3,2.1,1.359367668819098,2.1,-0.0006178943983819749,0.0006178943949177718,0.0006178943983940259
3,2.15,1.359432144045782,2.15,-0.0006179237053511612,0.0006179237018389918,0.0006179237053542948
3,2.2,1.359496598596454,2.2,-0.0006179530029235214,0.0006179529993620243,0.0006179530029235217
3,2.25,1.3595610324838,2.25,-0.0006179822911041976,0.0006179822874926362,0.0006179822911041977
3,2.3,1.359625445720746,2.3,-0.0006180115698983285,0.0006180115662367029,0.0006180115698983287
3,2.35,1.35968983831859,2.35,-0.0006180408393110492,0.0006180408355993591,0.0006180408393110489
3,2.4,1.359754210288618,2.4,-0.00061807009934749,0.0006180700955857353,0.0006180700993474898
3,2.45,1.359818561642108,2.45,-0.0006180993500127772,0.0006180993462009581,0.0006180993500127779
3,2.5,1.359882892390331,2.5,-0.0006181285913120334,0.0006181285874501506,0.0006181285913120341
3,2.55,1.359947202544549,2.55,-0.0006181578232503793,0.0006181578193384312,0.0006181578232503785
3,2.6,1.360011492116012,2.6,-0.0006181870458329262,0.0006181870418709147,0.0006181870458329263
3,2.65,1.360075761115966,2.65,-0.0006182162590647877,0.0006182162550527116,0.0006182162590647883
3,2.7,1.360140009555644,2.7,-0.0006182454629510693,0.0006182454588889293,0.0006182454629510694
3,2.75,1.360204237446274,2.75,-0.0006182746574968741,0.0006182746533846702,0.0006182746574968743
3,2.8,1.360268444799073,2.8,-0.000618303842707302,0.0006183038385450332,0.0006183038427073021
3,2.85,1.36033263162525,2.85,-0.0006183330185874465,0.0006183330143751134,0.0006183330185874467
3,2.9,1.360396797936004,2.9,-0.0006183621851423993,0.0006183621808800019,0.0006183621851423991
3,2.95,1.360460943742528,2.95,-0.0006183913423772464,0.0006183913380647855,0.0006183913423772472
3,3.0,1.360525069056004,3.0,-0.0006184204902970729,0.0006184204859345474,0.0006184204902970737
3,3.05,1.360589173887608,3.05,-0.0006184496289069567,0.0006184496244943672,0.0006184496289069571
3,3.1,1.360653258248503,3.1,-0.0006184787582119733,0.0006184787537493197,0.0006184787582119739
3,3.15,1.360717322149848,3.15,-0.0006185078782171935,0.0006185078737044764,0.0006185078782171944
3,3.2,1.36078136560279,3.2,-0.000618536988927686,0.0006185369843649046,0.0006185369889276869
3,3.25,1.36084538861847,3.25,-0.0006185660903485141,0.000618566085735668,0.0006185660903485142
3,3.3,1.360909391208017,3.3,-0.0006185951824847355,0.000618595177821826,0.000618595182484737
3,3.35,1.360973373382556,3.35,-0.0006186242653414086,0.0006186242606284347,0.0006186242653414088
3,3.4,1.361037335153199,3.4,-0.0006186533389235826,0.0006186533341605452,0.0006186533389235836
3,3.45,1.361101276531053,3.45,-0.0006186824032363078,0.0006186823984232058,0.0006186824032363082
3,3.5,1.361165197527213,3.5,-0.0006187114582846265,0.0006187114534214606,0.0006187114582846263
3,3.55,1.361229098152768,3.55,-0.0006187405040735787,0.0006187404991603492,0.0006187405040735795
3,3.6,1.361292978418799,3.6,-0.0006187695406082012,0.0006187695356449084,0.0006187695406082018
3,3.65,1.361356838336374,3.65,-0.0006187985678935272,0.00061879856288017,0.0006187985678935275
3,3.7,1.361420677916558,3.7,-0.0006188275859345833,0.0006188275808711627,0.0006188275859345842
3,3.75,1.361484497170404,3.75,-0.0006188565947363951,0.0006188565896229108,0.0006188565947363962
3,3.8,1.361548296108958,3.8,-0.0006188855943039841,0.0006188855891404352,0.0006188855943039844
3,3.85,1.361612074743256,3.85,-0.0006189145846423652,0.0006189145794287527,0.0006189145846423656
3,3.9,1.361675833084328,3.9,-0.0006189435657565521,0.0006189435604928762,0.0006189435657565526
3,3.95,1.361739571143193,3.95,-0.0006189725376515546,0.0006189725323378147,0.0006189725376515543
3,4.0,1.361803288930861,4.0,-0.0006190015003323765,0.0006190014949685733,0.0006190015003323774
3,4.05,1.361866986458338,4.05,-0.0006190304538040205,0.0006190304483901536,0.0006190304538040216
3,4.100000000000001,1.361930663736617,4.100000000000001,-0.0006190593980714835,0.0006190593926075531,0.0006190593980714849
3,4.15,1.361994320776684,4.15,-0.00061908833313976,0.0006190883276257653,0.00061908833313976
3,4.2,1.362057957589516,4.2,-0.0006191172590138382,0.0006191172534497801,0.0006191172590138386
3,4.25,1.362121574186083,4.25,-0.0006191461756987051,0.0006191461700845834,0.0006191461756987058
3,4.3,1.362185170577346,4.3,-0.0006191750831993426,0.0006191750775351574,0.0006191750831993436
3,4.350000000000001,1.362248746774257,4.350000000000001,-0.0006192039815207289,0.0006192039758064806,0.0006192039815207297
3,4.4,1.362312302787759,4.4,-0.000619232870667839,0.000619232864903527,0.00061923287066784
3,4.45,1.362375838628789,4.45,-0.000619261750645644,0.0006192617448312676,0.0006192617506456449
3,4.5,1.362439354308272,4.5,-0.000619290621459109,0.0006192906155946693,0.0006192906214591099
3,4.55,1.362502849837129,4.55,-0.0006193194831131976,0.000619319477198695,0.0006193194831131988
3,4.600000000000001,1.362566325226269,4.600000000000001,-0.0006193483356128702,0.0006193483296483039,0.0006193483356128711
3,4.65,1.362629780486593,4.65,-0.0006193771789630814,0.0006193771729484514,0.0006193771789630817
3,4.7,1.362693215628996,4.7,-0.0006194060131687819,0.0006194060071040891,0.0006194060131687824
3,4.75,1.362756630664362,4.75,-0.0006194348382349216,0.0006194348321201646,0.0006194348382349219
3,4.800000000000001,1.362820025603569,4.800000000000001,-0.000619463654166442,0.0006194636480016223,0.0006194636541664425
3,4.850000000000001,1.362883400457484,4.850000000000001,-0.0006194924609682858,0.0006194924547534018,0.000619492460968286
3,4.9,1.362946755236968,4.9,-0.0006195212586453875,0.0006195212523804402,0.0006195212586453879
3,4.95,1.363010089952873,4.95,-0.0006195500472026805,0.0006195500408876696,0.0006195500472026806
3,5.0,1.363073404616042,5.0,-0.000619578826645093,0.0006195788202800192,0.0006195788266450933
3,5.050000000000001,1.36313669923731,5.050000000000001,-0.0006196075969775505,0.0006196075905624137,0.0006196075969775514
3,5.100000000000001,1.363199973827504,5.100000000000001,-0.0006196363582049752,0.0006196363517397747,0.0006196363582049758
3,5.15,1.363263228397443,5.15,-0.0006196651103322828,0.0006196651038170196,0.0006196651103322833
3,5.2,1.363326462957936,5.2,-0.0006196938533643886,0.000619693846799062,0.000619693853364389
3,5.25,1.363389677519786,5.25,-0.0006197225873062021,0.000619722580690812,0.0006197225873062025
3,5.300000000000001,1.363452872093787,5.300000000000001,-0.0006197513121626291,0.0006197513054971759,0.0006197513121626294
3,5.350000000000001,1.363516046690723,5.350000000000001,-0.0006197800279385726,0.0006197800212230561,0.0006197800279385727
3,5.4,1.363579201321373,5.4,-0.0006198087346389309,0.0006198087278733511,0.0006198087346389313
3,5.45,1.363642335996504,5.45,-0.0006198374322685992,0.0006198374254529563,0.0006198374322685993
3,5.5,1.363705450726878,5.5,-0.0006198661208324682,0.0006198661139667626,0.0006198661208324687
3,5.550000000000001,1.363768545523246,5.550000000000001,-0.0006198948003354264,0.0006198947934196575,0.0006198948003354269
3,5.600000000000001,1.363831620396355,5.600000000000001,-0.0006199234707823567,0.0006199234638165249,0.0006199234707823568
3,5.65,1.363894675356938,5.65,-0.0006199521321781394,0.0006199521251622445,0.0006199521321781399
3,5.7,1.363957710415724,5.7,-0.0006199807845276509,0.0006199807774616928,0.0006199807845276514
3,5.75,1.364020725583433,5.75,-0.0006200094278357636,0.0006200094207197424,0.0006200094278357636
3,5.800000000000001,1.364083720870776,5.800000000000001,-0.0006200380621073458,0.0006200380549412619,0.0006200380621073464
3,5.850000000000001,1.364146696288457,5.850000000000001,-0.0006200666873472636,0.0006200666801311166,0.0006200666873472641
3,5.9,1.364209651847169,5.9,-0.0006200953035603776,0.0006200952962941679,0.0006200953035603779
3,5.95,1.364272587557601,5.95,-0.0006201239107515462,0.0006201239034352733,0.0006201239107515462
3,6.0,1.364335503430431,6.0,-0.0006201525089256224,0.0006201525015592868,0.0006201525089256228
3,6.050000000000001,1.364398399476329,6.050000000000001,-0.0006201810980874567,0.0006201810906710588,0.0006201810980874575
3,6.100000000000001,1.364461275705959,6.100000000000001,-0.0006202096782418974,0.0006202096707754358,0.0006202096782418973
3,6.15,1.364524132129973,6.15,-0.0006202382493937851,0.0006202382418772604,0.0006202382493937855
3,6.2,1.364586968759019,6.2,-0.00062026681154796,0.0006202668039813722,0.0006202668115479601
3,6.25,1.364649785603734,6.25,-0.000620295364709256,0.0006202953570926064,0.0006202953647092571
3,6.300000000000001,1.364712582674749,6.300000000000001,-0.000620323908882508,0.0006203239012157949,0.0006203239088825091
3,6.350000000000001,1.364775359982685,6.350000000000001,-0.0006203524440725411,0.000620352436355766,0.0006203524440725421
3,6.4,1.364838117538156,6.4,-0.0006203809702841821,0.0006203809625173437,0.0006203809702841828
3,6.45,1.364900855351768,6.45,-0.0006204094875222502,0.0006204094797053492,0.000620409487522251
3,6.5,1.364963573434119,6.5,-0.0006204379957915628,0.0006204379879245994,0.0006204379957915631
3,6.550000000000001,1.365026271795796,6.550000000000001,-0.0006204664950969335,0.0006204664871799074,0.0006204664950969342
3,6.600000000000001,1.365088950447383,6.600000000000001,-0.0006204949854431722,0.0006204949774760833,0.0006204949854431728
3,6.65,1.365151609399453,6.65,-0.0006205234668350847,0.0006205234588179332,0.0006205234668350852
3,6.7,1.365214248662571,6.7,-0.000620551939277474,0.0006205519312102595,0.000620551939277474
3,6.75,1.365276868247294,6.75,-0.0006205804027751375,0.0006205803946578608,0.0006205804027751384
3,6.800000000000001,1.365339468164172,6.800000000000001,-0.0006206088573328715,0.0006206088491655325,0.0006206088573328723
3,6.850000000000001,1.365402048423745,6.850000000000001,-0.0006206373029554684,0.0006206372947380659,0.0006206373029554683
3,6.9,1.365464609036547,6.9,-0.0006206657396477141,0.0006206657313802489,0.000620665739647714
3,6.95,1.365527150013105,6.95,-0.0006206941674143921,0.0006206941590968656,0.000620694167414393
3,7.0,1.365589671363933,7.0,-0.0006207225862602863,0.0006207225778926968,0.0006207225862602869
3,7.050000000000001,1.365652173099542,7.050000000000001,-0.0006207509961901717,0.0006207509877725192,0.0006207509961901719
3,7.100000000000001,1.365714655230434,7.100000000000001,-0.0006207793972088213,0.0006207793887411062,0.0006207793972088214
3,7.15,1.3657771177671,7.15,-0.0006208077893210044,0.0006208077808032274,0.0006208077893210051
3,7.2,1.365839560720028,7.2,-0.000620836172531489,0.000620836163963649,0.0006208361725314894
3,7.25,1.365901984099694,7.25,-0.0006208645468450358,0.0006208645382271334,0.0006208645468450359
3,7.300000000000001,1.365964387916566,7.300000000000001,-0.0006208929122664035,0.0006208929035984393,0.0006208929122664046
3,7.350000000000001,1.366026772181109,7.350000000000001,-0.0006209212688003494,0.0006209212600823221,0.0006209212688003498
3,7.4,1.366089136903773,7.4,-0.0006209496164516226,0.0006209496076835334,0.0006209496164516229
3,7.45,1.366151482095006,7.45,-0.0006209779552249728,0.0006209779464068211,0.0006209779552249724
3,7.5,1.366213807765245,7.5,-0.000621006285125143,0.0006210062762569293,0.0006210062851251436
3,7.550000000000001,1.366276113924918,7.550000000000001,-0.0006210346061568753,0.0006210345972385993,0.0006210346061568764
3,7.600000000000001,1.36633840058445,7.600000000000001,-0.0006210629183249065,0.0006210629093565683,0.0006210629183249074
3,7.65,1.366400667754253,7.65,-0.0006210912216339702,0.0006210912126155696,0.0006210912216339709
3,7.7,1.366462915444734,7.7,-0.0006211195160887965,0.0006211195070203334,0.0006211195160887969
3,7.75,1.36652514366629,7.75,-0.0006211478016941114,0.0006211477925755864,0.0006211478016941117
3,7.800000000000001,1.366587352429312,7.800000000000001,-0.0006211760784546386,0.0006211760692860509,0.0006211760784546386
3,7.850000000000001,1.366649541744183,7.850000000000001,-0.0006212043463750967,0.0006212043371564467,0.0006212043463750966
3,7.9,1.366711711621277,7.9,-0.0006212326054602013,0.0006212325961914895,0.0006212326054602011
3,7.95,1.36677386207096,7.95,-0.0006212608557146649,0.0006212608463958911,0.0006212608557146651
3,8.0,1.366835993103593,8.0,-0.0006212890971431964,0.0006212890877743603,0.0006212890971431968
3,8.05,1.366898104729525,8.05,-0.0006213173297505006,0.0006213173203316024,0.0006213173297505005
3,8.1,1.366960196959101,8.1,-0.0006213455535412786,0.0006213455440723184,0.0006213455535412789
3,8.15,1.367022269802654,8.15,-0.0006213737685202289,0.0006213737590012065,0.0006213737685202292
3,8.200000000000001,1.367084323270514,8.200000000000001,-0.0006214019746920453,0.000621401965122961,0.0006214019746920465
3,8.25,1.367146357373,8.25,-0.0006214301720614192,0.0006214301624422728,0.00062143017206142
3,8.3,1.367208372120425,8.3,-0.0006214583606330376,0.0006214583509638294,0.0006214583606330376
3,8.35,1.367270367523091,8.35,-0.0006214865404115849,0.000621486530692314,0.0006214865404115846
3,8.4,1.367332343591295,8.4,-0.000621514711401739,0.0006215147016324069,0.00062151471140174
3,8.450000000000001,1.367394300335327,8.450000000000001,-0.0006215428736081792,0.0006215428637887852,0.0006215428736081804
3,8.5,1.367456237765468,8.5,-0.0006215710270355785,0.0006215710171661218,0.0006215710270355781
3,8.55,1.36751815589199,8.55,-0.0006215991716886044,0.0006215991617690861,0.0006215991716886045
3,8.6,1.367580054725158,8.6,-0.0006216273075719249,0.0006216272976023445,0.000621627307571925
3,8.65,1.367641934275231,8.65,-0.0006216554346902014,0.0006216554246705594,0.0006216554346902021
3,8.700000000000001,1.367703794552458,8.700000000000001,-0.0006216835530480934,0.00062168354297839,0.0006216835530480937
3,8.75,1.367765635567082,8.75,-0.000621711662650257,0.0006217116525304916,0.0006217116626502579
3,8.8,1.367827457329336,8.8,-0.0006217397635013439,0.0006217397533315164,0.0006217397635013446
3,8.85,1.367889259849449,8.85,-0.0006217678556060026,0.000621767845386113,0.0006217678556060028
3,8.9,1.367951043137638,8.9,-0.0006217959389688773,0.0006217959286989262,0.0006217959389688779
3,8.950000000000001,1.368012807204115,8.950000000000001,-0.0006218240135946109,0.0006218240032745978,0.0006218240135946107
3,9.0,1.368074552059084,9.0,-0.00062185207948784,0.0006218520691177653,0.0006218520794878409
3,9.05,1.368136277712741,9.05,-0.0006218801366532003,0.000621880126233064,0.0006218801366532005
3,9.1,1.368197984175274,9.1,-0.0006219081850953224,0.0006219081746251244,0.0006219081850953227
3,9.15,1.368259671456863,9.15,-0.0006219362248188338,0.0006219362142985741,0.0006219362248188342
3,9.200000000000001,1.368321339567682,9.200000000000001,-0.0006219642558283587,0.0006219642452580374,0.0006219642558283591
3,9.25,1.368382988517896,9.25,-0.0006219922781285176,0.0006219922675081347,0.0006219922781285182
3,9.3,1.368444618317663,9.3,-0.0006220202917239278,0.0006220202810534832,0.0006220202917239289
3,9.35,1.368506228977133,9.35,-0.0006220482966192034,0.0006220482858986966,0.0006220482966192033
3,9.4,1.368567820506447,9.4,-0.000622076292818953,0.000622076282048385,0.0006220762928189534
3,9.450000000000001,1.368629392915741,9.450000000000001,-0.0006221042803277844,0.000622104269507155,0.0006221042803277857
3,9.5,1.368690946215143,9.5,-0.000622132259150301,0.0006221322482796105,0.0006221322591503012
3,9.55,1.36875248041477,9.55,-0.0006221602292911028,0.0006221602183703502,0.0006221602292911041
3,9.600000000000001,1.368813995524737,9.600000000000001,-0.0006221881907547851,0.0006221881797839715,0.0006221881907547856
3,9.65,1.368875491555146,9.65,-0.0006222161435459421,0.0006222161325250665,0.0006222161435459429
3,9.700000000000001,1.368936968516095,9.700000000000001,-0.0006222440876691624,0.0006222440765982253,0.0006222440876691628
3,9.75,1.368998426417673,9.75,-0.0006222720231290318,0.0006222720120080333,0.0006222720231290324
3,9.8,1.369059865269962,9.8,-0.0006222999499301332,0.0006222999387590735,0.0006222999499301338
3,9.850000000000001,1.369121285083035,9.850000000000001,-0.0006223278680770458,0.0006223278568559247,0.0006223278680770464
3,9.9,1.369182685866958,9.9,-0.0006223557775743453,0.0006223557663031627,0.0006223557775743468
3,9.950000000000001,1.369244067631793,9.950000000000001,-0.0006223836784266044,0.0006223836671053602,0.000622383678426604
3,10.0,1.369305430387588,10.0,-0.0006224115706383908,0.0006224115592670852,0.0006224115706383907
3,10.05,1.369366774144388,10.05,-0.0006224394542142703,0.0006224394427929036,0.0006224394542142705
3,10.1,1.36942809891223,10.1,-0.0006224673291588058,0.0006224673176873773,0.0006224673291588055
3,10.15,1.369489404701142,10.15,-0.0006224951954765544,0.0006224951839550647,0.0006224951954765548
3,10.2,1.369550691521147,10.2,-0.000622523053172072,0.0006225230416005211,0.0006225230531720726
3,10.25,1.369611959382256,10.25,-0.0006225509022499108,0.0006225508906282984,0.0006225509022499108
3,10.3,1.369673208294478,10.3,-0.0006225787427146179,0.0006225787310429445,0.0006225787427146185
3,10.35,1.36973443826781,10.35,-0.0006226065745707396,0.0006226065628490048,0.0006226065745707397
3,10.4,1.369795649312245,10.4,-0.0006226343978228164,0.0006226343860510204,0.0006226343978228164
3,10.45,1.369856841437765,10.45,-0.0006226622124753864,0.0006226622006535296,0.0006226622124753871
3,10.5,1.369918014654348,10.5,-0.0006226900185329855,0.0006226900066610672,0.0006226900185329853
3,10.55,1.369979168971961,10.55,-0.0006227178160001432,0.0006227178040781642,0.0006227178160001436
3,10.6,1.370040304400568,10.6,-0.0006227456048813892,0.0006227455929093489,0.0006227456048813898
3,10.65,1.370101420950121,10.65,-0.0006227733851812474,0.0006227733731591457,0.0006227733851812479
3,10.7,1.370162518630567,10.7,-0.0006228011569042388,0.0006228011448320758,0.000622801156904239
3,10.75,1.370223597451846,10.75,-0.0006228289200548808,0.0006228289079326571,0.0006228289200548814
3,10.8,1.370284657423889,10.8,-0.000622856674637689,0.000622856662465404,0.0006228566746376887
3,10.85,1.37034569855662,10.85,-0.0006228844206571738,0.0006228844084348272,0.0006228844206571737
3,10.9,1.370406720859956,10.9,-0.0006229121581178417,0.0006229121458454347,0.0006229121581178423
3,10.95,1.370467724343808,10.95,-0.0006229398870241986,0.0006229398747017308,0.0006229398870241993
3,11.0,1.370528709018077,11.0,-0.0006229676073807456,0.0006229675950082166,0.0006229676073807454
3,11.05,1.370589674892656,11.05,-0.000622995319191979,0.0006229953067693893,0.0006229953191919798
3,11.1,1.370650621977436,11.1,-0.000623023022462394,0.0006230230099897436,0.000623023022462394
3,11.15,1.370711550282293,11.15,-0.0006230507171964813,0.0006230507046737696,0.0006230507171964825
3,11.2,1.370772459817103,11.2,-0.0006230784033987288,0.000623078390825956,0.0006230784033987286
3,11.25,1.370833350591729,11.25,-0.0006231060810736193,0.0006231060684507858,0.0006231060810736203
3,11.3,1.37089422261603,11.3,-0.000623133750225635,0.0006231337375527409,0.0006231337502256352
3,11.35,1.370955075899856,11.35,-0.0006231614108592528,0.000623161398136298,0.0006231614108592532
3,11.4,1.371015910453049,11.4,-0.0006231890629789477,0.0006231890502059315,0.0006231890629789479
3,11.45,1.371076726285448,11.45,-0.0006232167065891895,0.0006232166937661125,0.0006232167065891897
3,11.5,1.371137523406878,11.5,-0.0006232443416944462,0.0006232443288213082,0.0006232443416944465
3,11.55,1.371198301827163,11.55,-0.0006232719682991814,0.0006232719553759831,0.0006232719682991816
3,11.6,1.371259061556115,11.6,-0.0006232995864078569,0.0006232995734345977,0.000623299586407857
3,11.65,1.371319802603541,11.65,-0.0006233271960249299,0.0006233271830016097,0.0006233271960249299
3,11.7,1.371380524979241,11.7,-0.0006233547971548533,0.0006233547840814733,0.0006233547971548537
3,11.75,1.371441228693006,11.75,-0.0006233823898020807,0.0006233823766786393,0.0006233823898020811
3,11.8,1.371501913754622,11.8,-0.0006234099739710578,0.0006234099607975555,0.0006234099739710579
3,11.85,1.371562580173866,11.85,-0.0006234375496662289,0.0006234375364426661,0.0006234375496662288
3,11.9,1.371623227960507,11.9,-0.0006234651168920357,0.000623465103618412,0.0006234651168920358
3,11.95,1.371683857124308,11.95,-0.0006234926756529148,0.000623492662329231,0.0006234926756529158
3,12.0,1.371744467675027,12.0,-0.0006235202259533014,0.0006235202125795575,0.0006235202259533025
