case,vtest,v(ref),v(out),v(vdd),i(vdd),id(m1),i(vtest),i(iref),id(m2)
1,0.0,2.15646117529314,0.0,12.0,-0.00025,0.0002499999999994174,4.001635796926428e-58,0.00025,-1.035021214788587e-44
1,0.05,2.156461174396506,0.05,12.0,-0.00025,0.0002499999999994174,-0.0001314577096419023,0.00025,0.000131457709643748
1,0.1,2.15646117439297,0.1,12.0,-0.00025,0.0002499999999994174,-0.0002130443661270132,0.00025,0.0002130443661196857
1,0.15,2.156461174395766,0.15,12.0,-0.00025,0.0002500000000038582,-0.0002446701351745961,0.00025,0.0002446701351796476
1,0.2,2.156461174393626,0.2,12.0,-0.00025,0.0002499999999994174,-0.0002452135930524069,0.00025,0.0002452135929473243
1,0.25,2.156461174395372,0.25,12.0,-0.00025,0.0002499999999994174,-0.0002453359168494984,0.00025,0.0002453359168552716
1,0.3,2.156461174394045,0.3,12.0,-0.00025,0.0002499999999994174,-0.0002454582406232753,0.00025,0.0002454582406175021
1,0.35,2.156461174395596,0.35,12.0,-0.00025,0.0002499999999994174,-0.0002455805643433173,0.00025,0.0002455805643497566
1,0.4,2.156461174393264,0.4,12.0,-0.00025,0.0002499999999994174,-0.0002457028880407108,0.00025,0.0002457028880326062
1,0.45,2.15646117439488,0.45,12.0,-0.00025,0.0002499999999994174,-0.0002458252116852577,0.00025,0.0002458252116899207
1,0.5,2.156461174393849,0.5,12.0,-0.00025,0.0002499999999994174,-0.0002459475353049356,0.00025,0.0002459475352994955
1,0.55,2.156461174394586,0.55,12.0,-0.00025,0.0002499999999994174,-0.0002460698588802046,0.00025,0.0002460698588790944
1,0.6000000000000001,2.156461174393241,0.6000000000000001,12.0,-0.00025,0.0002499999999994174,-0.0002461921824172819,0.00025,0.0002461921824103985
1,0.65,2.15646117439624,0.65,12.0,-0.00025,0.0002499999999994174,-0.0002463145059099503,0.00025,0.0002463145059194982
1,0.7000000000000001,2.15646117439339,0.7000000000000001,12.0,-0.00025,0.0002499999999994174,-0.0002464368293777497,0.00025,0.0002464368293675356
1,0.75,2.156461174395472,0.75,12.0,-0.00025,0.0002500000000038582,-0.0002465591527931466,0.00025,0.0002465591527978095
1,0.8,2.156461174394078,0.8,12.0,-0.00025,0.0002499999999994174,-0.0002466814761827862,0.00025,0.0002466814761770131
1,0.8500000000000001,2.156461174395149,0.8500000000000001,12.0,-0.00025,0.0002499999999949765,-0.0002468037995217998,0.00025,0.0002468037995273509
1,0.9,2.156461174393621,0.9,12.0,-0.00025,0.0002499999999994174,-0.0002469261228359443,0.00025,0.0002469261228299491
1,0.9500000000000001,2.156461174395357,0.9500000000000001,12.0,-0.00025,0.0002499999999994174,-0.0002470484460967981,0.00025,0.0002470484461036815
1,1.0,2.156461174393713,1.0,12.0,-0.00025,0.0002499999999994174,-0.0002471707693345593,0.00025,0.0002471707693318947
1,1.05,2.156461174396231,1.05,12.0,-0.00025,0.0002499999999994174,-0.0002472930925208061,0.00025,0.0002472930925279115
1,1.1,2.156461174393794,1.1,12.0,-0.00025,0.0002499999999994174,-0.0002474154156857367,0.00025,0.000247415415677299
1,1.15,2.15646117439479,1.15,12.0,-0.00025,0.0002499999999994174,-0.0002475377387920474,0.00025,0.0002475377387933797
1,1.2,2.156461174393625,1.2,12.0,-0.00025,0.0002499999999994174,-0.0002476600618788183,0.00025,0.0002476600618694924
1,1.25,2.156461174395632,1.25,12.0,-0.00025,0.0002500000000038582,-0.0002477823849105221,0.00025,0.0002477823849167393
1,1.3,2.156461174394076,1.3,12.0,-0.00025,0.0002499999999994174,-0.0002479047079191332,0.00025,0.0002479047079151364
1,1.35,2.156461174396461,1.35,12.0,-0.00025,0.0002499999999994174,-0.0002480270308726773,0.00025,0.0002480270308802268
1,1.4,2.156461174393951,1.4,12.0,-0.00025,0.0002499999999994174,-0.0002481493538031287,0.00025,0.0002481493537986879
1,1.45,2.156461174395949,1.45,12.0,-0.00025,0.0002500000000038582,-0.0002482716766856186,0.00025,0.000248271676692724
1,1.5,2.156461174393534,1.5,12.0,-0.00025,0.0002499999999994174,-0.0002483939995361339,0.00025,0.0002483939995290285
1,1.55,2.156461174395083,1.55,12.0,-0.00025,0.0002499999999994174,-0.0002485163223440168,0.00025,0.0002485163223520104
1,1.6,2.156461174393342,1.6,12.0,-0.00025,0.0002499999999994174,-0.0002486386451217015,0.00025,0.0002486386451150402
1,1.65,2.156461174395743,1.65,12.0,-0.00025,0.0002499999999994174,-0.0002487609678496483,0.00025,0.000248760967858086
1,1.7,2.156461174393862,1.7,12.0,-0.00025,0.0002499999999994174,-0.0002488832905491734,0.00025,0.0002488832905456206
1,1.75,2.156461174394992,1.75,12.0,-0.00025,0.0002499999999949765,-0.0002490056132025131,0.00025,0.0002490056132042895
1,1.8,2.156461174393482,1.8,12.0,-0.00025,0.0002499999999994174,-0.0002491279358167731,0.00025,0.0002491279358207699
1,1.85,2.156461174394869,1.85,12.0,-0.00025,0.0002499999999949765,-0.0002492502583990586,0.00025,0.000249250258406164
1,1.9,2.156461174394137,1.9,12.0,-0.00025,0.0002499999999994174,-0.0002493725809529224,0.00025,0.0002493725809493696
1,1.95,2.156461174395495,1.95,12.0,-0.00025,0.0002499999999994174,-0.0002494949034428373,0.00025,0.0002494949034526073
1,2.0,2.156461174394,2.0,12.0,-0.00025,0.0002499999999994174,-0.0002496172259185414,0.00025,0.0002496172259180973
1,2.05,2.156461174396258,2.05,12.0,-0.00025,0.0002499999999994174,-0.0002497395483445075,0.00025,0.0002497395483480602
1,2.1,2.156461174394174,2.1,12.0,-0.00025,0.0002499999999994174,-0.0002498618707384992,0.00025,0.0002498618707313938
1,2.15,2.156461174395333,2.15,12.0,-0.00025,0.0002499999999994174,-0.0002499841930792002,0.00025,0.000249984193088082
1,2.2,2.156461174393794,2.2,12.0,-0.00025,0.0002499999999994174,-0.0002501065154021376,0.00025,0.0002501065154003612
1,2.25,2.156461174395188,2.25,12.0,-0.00025,0.0002499999999994174,-0.0002502288376682316,0.00025,0.0002502288376726725
1,2.3,2.156461174393853,2.3,12.0,-0.00025,0.0002499999999994174,-0.0002503511599059038,0.00025,0.0002503511599050157
1,2.35,2.156461174396437,2.35,12.0,-0.00025,0.0002499999999994174,-0.0002504734821009436,0.00025,0.0002504734821107135
1,2.4,2.156461174393961,2.4,12.0,-0.00025,0.0002499999999994174,-0.0002505958042640088,0.00025,0.0002505958042631207
1,2.45,2.156461174395346,2.45,12.0,-0.00025,0.0002499999999994174,-0.0002507181263808889,0.00025,0.0002507181263933234
1,2.5,2.156461174393506,2.5,12.0,-0.00025,0.0002499999999994174,-0.0002508404484693472,0.00025,0.0002508404484657945
1,2.55,2.156461174395459,2.55,12.0,-0.00025,0.0002499999999994174,-0.0002509627705187256,0.00025,0.0002509627705160611
1,2.6,2.156461174393325,2.6,12.0,-0.00025,0.0002499999999994174,-0.0002510850925219188,0.00025,0.000251085092513037
1,2.65,2.156461174396065,2.65,12.0,-0.00025,0.0002499999999994174,-0.0002512074144895848,0.00025,0.0002512074144922494
1,2.7,2.1564611743934,2.7,12.0,-0.00025,0.0002499999999994174,-0.0002513297364146183,0.00025,0.0002513297364137301
1,2.75,2.156461174395762,2.75,12.0,-0.00025,0.0002500000000038582,-0.0002514520583041246,0.00025,0.0002514520583085655
1,2.8,2.15646117439358,2.8,12.0,-0.00025,0.0002499999999994174,-0.000251574380168762,0.00025,0.0002515743801634329
1,2.85,2.156461174395342,2.85,12.0,-0.00025,0.0002499999999994174,-0.0002516967019730032,0.00025,0.0002516967019827732
1,2.9,2.156461174393872,2.9,12.0,-0.00025,0.0002499999999994174,-0.0002518190237630336,0.00025,0.0002518190237577045
1,2.95,2.156461174396033,2.95,12.0,-0.00025,0.0002499999999994174,-0.0002519413454962205,0.00025,0.0002519413455059905
1,3.0,2.156461174393339,3.0,12.0,-0.00025,0.0002500000000038582,-0.0002520636672009857,0.00025,0.0002520636671921039
1,3.05,2.156461174395709,3.05,12.0,-0.00025,0.0002500000000038582,-0.0002521859888524602,0.00025,0.0002521859888604538
1,3.1,2.156461174394152,3.1,12.0,-0.00025,0.0002499999999994174,-0.0002523083104861712,0.00025,0.0002523083104843948
1,3.15,2.156461174396305,3.15,12.0,-0.00025,0.0002499999999994174,-0.000252430632059486,0.00025,0.0002524306320728087
1,3.2,2.156461174393389,3.2,12.0,-0.00025,0.0002499999999994174,-0.0002525529536256954,0.00025,0.0002525529536123727
1,3.25,2.156461174394539,3.25,12.0,-0.00025,0.0002499999999949765,-0.000252675275127956,0.00025,0.0002526752751252914
1,3.3,2.156461174393516,3.3,12.0,-0.00025,0.0002499999999994174,-0.0002527975965946894,0.00025,0.0002527975965982421
1,3.35,2.15646117439608,3.35,12.0,-0.00025,0.0002499999999994174,-0.0002529199180330011,0.00025,0.0002529199180312247
1,3.4,2.156461174393557,3.4,12.0,-0.00025,0.0002499999999994174,-0.0002530422394215748,0.00025,0.0002530422394242393
1,3.45,2.156461174396308,3.45,12.0,-0.00025,0.0002500000000038582,-0.0002531645607817268,0.00025,0.0002531645607906086
1,3.5,2.156461174393308,3.5,12.0,-0.00025,0.0002499999999994174,-0.0002532868820992462,0.00025,0.0002532868820948053
1,3.55,2.156461174395857,3.55,12.0,-0.00025,0.0002499999999994174,-0.0002534092033812385,0.00025,0.0002534092033901203
1,3.6,2.156461174393869,3.6,12.0,-0.00025,0.0002499999999994174,-0.0002535315246277037,0.00025,0.000253531524614381
1,3.65,2.15646117439602,3.65,12.0,-0.00025,0.0002499999999994174,-0.0002536538458173254,0.00025,0.0002536538458342008
1,3.7,2.15646117439302,3.7,12.0,-0.00025,0.0002500000000038582,-0.0002537761669856309,0.00025,0.0002537761669874072
1,3.75,2.156461174394296,3.75,12.0,-0.00025,0.0002499999999994174,-0.0002538984881255146,0.00025,0.0002538984881184092
1,3.8,2.156461174393076,3.8,12.0,-0.00025,0.0002500000000038582,-0.000254020809208555,0.00025,0.0002540208092050023
1,3.85,2.156461174395683,3.85,12.0,-0.00025,0.0002500000000038582,-0.0002541431302489627,0.00025,0.0002541431302516273
1,3.9,2.156461174393454,3.9,12.0,-0.00025,0.0002499999999994174,-0.0002542654512751596,0.00025,0.0002542654512716069
1,3.95,2.156461174395339,3.95,12.0,-0.00025,0.0002500000000038582,-0.0002543877722303023,0.00025,0.0002543877722382959
1,4.0,2.156461174393139,4.0,12.0,-0.00025,0.0002499999999994174,-0.0002545100931854449,0.00025,0.0002545100931738986
1,4.05,2.156461174394989,4.05,12.0,-0.00025,0.0002499999999994174,-0.0002546324140624279,0.00025,0.0002546324140695333
1,4.100000000000001,2.156461174393804,4.100000000000001,12.0,-0.00025,0.0002499999999994174,-0.0002547547349252,0.00025,0.0002547547349252
1,4.15,2.156461174394241,4.15,12.0,-0.00025,0.0002499999999994174,-0.0002548770557595503,0.00025,0.0002548770557542213
1,4.2,2.156461174396291,4.2,12.0,-0.00025,0.0002500000000038582,-0.0002549993765370573,0.00025,0.0002549993765388336
1,4.25,2.156461174394172,4.25,12.0,-0.00025,0.0002499999999994174,-0.000255121697293248,0.00025,0.0002551216972879189
1,4.3,2.156461174395998,4.3,12.0,-0.00025,0.0002500000000038582,-0.0002552440179854898,0.00025,0.0002552440179925952
1,4.350000000000001,2.156461174393028,4.350000000000001,12.0,-0.00025,0.0002499999999994174,-0.0002553663386564153,0.00025,0.0002553663386439808
1,4.4,2.156461174394818,4.4,12.0,-0.00025,0.0002499999999949765,-0.0002554886592776029,0.00025,0.0002554886592776029
1,4.45,2.156461174393005,4.45,12.0,-0.00025,0.0002499999999994174,-0.0002556109798845796,0.00025,0.000255610979866816
1,4.5,2.156461174396084,4.5,12.0,-0.00025,0.0002499999999994174,-0.0002557333004276074,0.00025,0.0002557333004382656
1,4.55,2.156461174393527,4.55,12.0,-0.00025,0.0002499999999994174,-0.0002558556209351082,0.00025,0.0002558556209386609
1,4.600000000000001,2.156461174395437,4.600000000000001,12.0,-0.00025,0.0002499999999994174,-0.0002559779414141872,0.00025,0.0002559779414212926
1,4.65,2.156461174393622,4.65,12.0,-0.00025,0.0002499999999994174,-0.000256100261857739,0.00025,0.0002561002618506336
1,4.7,2.156461174394983,4.7,12.0,-0.00025,0.0002499999999994174,-0.0002562225822515529,0.00025,0.0002562225822622111
1,4.75,2.156461174394159,4.75,12.0,-0.00025,0.0002499999999994174,-0.0002563449026098397,0.00025,0.000256344902611616
1,4.800000000000001,2.15646117439573,4.800000000000001,12.0,-0.00025,0.0002499999999994174,-0.0002564672229325993,0.00025,0.0002564672229521392
1,4.850000000000001,2.156461174393008,4.850000000000001,12.0,-0.00025,0.0002499999999994174,-0.0002565895432198317,0.00025,0.0002565895432038445
1,4.9,2.156461174395562,4.9,12.0,-0.00025,0.0002499999999994174,-0.0002567118634573262,0.00025,0.0002567118634733134
1,4.95,2.156461174393464,4.95,12.0,-0.00025,0.0002499999999994174,-0.0002568341836806098,0.00025,0.0002568341836806098
1,5.0,2.156461174394888,5.0,12.0,-0.00025,0.0002499999999949765,-0.0002569565038541555,0.00025,0.0002569565038612609
1,5.050000000000001,2.156461174393711,5.050000000000001,12.0,-0.00025,0.0002499999999994174,-0.0002570788239850685,0.00025,0.0002570788239797395
1,5.100000000000001,2.156461174395459,5.100000000000001,12.0,-0.00025,0.0002500000000038582,-0.000257201144073349,0.00025,0.0002572011440804545
1,5.15,2.15646117439408,5.15,12.0,-0.00025,0.0002499999999994174,-0.0002573234641403133,0.00025,0.0002573234641367605
1,5.2,2.156461174395363,5.2,12.0,-0.00025,0.0002499999999994174,-0.0002574457841362232,0.00025,0.0002574457841486577
1,5.25,2.156461174393539,5.25,12.0,-0.00025,0.0002499999999994174,-0.0002575681041321332,0.00025,0.0002575681041250277
1,5.300000000000001,2.156461174396116,5.300000000000001,12.0,-0.00025,0.0002499999999994174,-0.0002576904240640943,0.00025,0.0002576904240836342
1,5.350000000000001,2.156461174393027,5.350000000000001,12.0,-0.00025,0.0002499999999994174,-0.0002578127439747391,0.00025,0.0002578127439623046
1,5.4,2.156461174395558,5.4,12.0,-0.00025,0.0002500000000038582,-0.0002579350638356459,0.00025,0.000257935063840975
1,5.45,2.156461174393083,5.45,12.0,-0.00025,0.0002500000000038582,-0.0002580573836610256,0.00025,0.0002580573836663547
1,5.5,2.156461174396429,5.5,12.0,-0.00025,0.0002499999999994174,-0.0002581797034579836,0.00025,0.0002581797034473254
1,5.550000000000001,2.156461174393588,5.550000000000001,12.0,-0.00025,0.0002499999999994174,-0.0002583020232052036,0.00025,0.0002583020231927691
1,5.600000000000001,2.156461174395945,5.600000000000001,12.0,-0.00025,0.0002500000000038582,-0.0002584243429026856,0.00025,0.0002584243429293309
1,5.65,2.156461174393649,5.65,12.0,-0.00025,0.0002499999999994174,-0.0002585466625788513,0.00025,0.0002585466625770749
1,5.7,2.156461174394723,5.7,12.0,-0.00025,0.0002499999999994174,-0.0002586689822337007,0.00025,0.0002586689822248189
1,5.75,2.156461174393772,5.75,12.0,-0.00025,0.0002499999999994174,-0.0002587913018103905,0.00025,0.0002587913018103905
1,5.800000000000001,2.15646117439463,5.800000000000001,12.0,-0.00025,0.0002499999999994174,-0.0002589136213799748,0.00025,0.0002589136213693166
1,5.850000000000001,2.156461174393121,5.850000000000001,12.0,-0.00025,0.0002499999999994174,-0.0002590359409069265,0.00025,0.0002590359408838339
1,5.9,2.156461174395902,5.9,12.0,-0.00025,0.0002499999999994174,-0.0002591582603770348,0.00025,0.0002591582603805875
1,5.95,2.156461174394114,5.95,12.0,-0.00025,0.0002500000000038582,-0.0002592805798329323,0.00025,0.0002592805798240505
1,6.0,2.156461174396182,6.0,12.0,-0.00025,0.0002499999999994174,-0.0002594028992177755,0.00025,0.0002594028992319863
1,6.050000000000001,2.156461174394094,6.050000000000001,12.0,-0.00025,0.0002499999999994174,-0.0002595252186026187,0.00025,0.0002595252185866315
1,6.100000000000001,2.156461174395347,6.100000000000001,12.0,-0.00025,0.0002499999999994174,-0.0002596475379164076,0.00025,0.000259647537923513
1,6.15,2.156461174394105,6.15,12.0,-0.00025,0.0002499999999994174,-0.0002597698572230911,0.00025,0.0002597698572159857
1,6.2,2.156461174395194,6.2,12.0,-0.00025,0.0002499999999994174,-0.0002598921764587203,0.00025,0.0002598921764640494
1,6.25,2.1564611743933,6.25,12.0,-0.00025,0.0002499999999994174,-0.0002600144956943495,0.00025,0.0002600144956854678
1,6.300000000000001,2.156461174395464,6.300000000000001,12.0,-0.00025,0.0002499999999994174,-0.0002601368148447136,0.00025,0.0002601368148535954
1,6.350000000000001,2.156461174393923,6.350000000000001,12.0,-0.00025,0.0002499999999994174,-0.0002602591339950777,0.00025,0.0002602591339950777
1,6.4,2.156461174395733,6.4,12.0,-0.00025,0.0002499999999994174,-0.0002603814530957038,0.00025,0.0002603814531099147
1,6.45,2.156461174393937,6.45,12.0,-0.00025,0.0002499999999994174,-0.0002605037721394865,0.00025,0.0002605037721536974
1,6.5,2.156461174396014,6.5,12.0,-0.00025,0.0002500000000038582,-0.0002606260911619529,0.00025,0.0002606260911797165
1,6.550000000000001,2.156461174393133,6.550000000000001,12.0,-0.00025,0.0002500000000038582,-0.0002607484101559976,0.00025,0.0002607484101435631
1,6.600000000000001,2.156461174395078,6.600000000000001,12.0,-0.00025,0.0002499999999994174,-0.0002608707291074097,0.00025,0.0002608707291074097
1,6.65,2.156461174393936,6.65,12.0,-0.00025,0.0002499999999994174,-0.0002609930480161893,0.00025,0.0002609930480179656
1,6.7,2.156461174394255,6.7,12.0,-0.00025,0.0002499999999949765,-0.0002611153668965471,0.00025,0.0002611153668929944
1,6.75,2.156461174394881,6.75,12.0,-0.00025,0.0002499999999994174,-0.0002612376857058507,0.00025,0.0002612376857058507
1,6.800000000000001,2.156461174393367,6.800000000000001,12.0,-0.00025,0.0002499999999994174,-0.0002613600045151543,0.00025,0.0002613600045098252
1,6.850000000000001,2.156461174395621,6.850000000000001,12.0,-0.00025,0.0002500000000038582,-0.0002614823232676144,0.00025,0.0002614823232782726
1,6.9,2.156461174393733,6.9,12.0,-0.00025,0.0002499999999994174,-0.000261604641977442,0.00025,0.0002616046419756657
1,6.95,2.156461174395523,6.95,12.0,-0.00025,0.0002500000000038582,-0.0002617269606730588,0.00025,0.0002617269606730588
1,7.0,2.156461174393161,7.0,12.0,-0.00025,0.0002499999999994174,-0.0002618492792976213,0.00025,0.0002618492792993976
1,7.050000000000001,2.156461174395472,7.050000000000001,12.0,-0.00025,0.0002499999999994174,-0.000261971597893762,0.00025,0.0002619715979079729
1,7.100000000000001,2.156461174393649,7.100000000000001,12.0,-0.00025,0.0002500000000038582,-0.0002620939164756919,0.00025,0.0002620939164721392
1,7.15,2.156461174395259,7.15,12.0,-0.00025,0.0002499999999994174,-0.0002622162349865675,0.00025,0.0002622162350007784
1,7.2,2.156461174393024,7.2,12.0,-0.00025,0.0002500000000038582,-0.0002623385534832323,0.00025,0.0002623385534761269
1,7.25,2.156461174395313,7.25,12.0,-0.00025,0.0002499999999994174,-0.0002624608719088428,0.00025,0.00026246087192483
1,7.300000000000001,2.156461174393543,7.300000000000001,12.0,-0.00025,0.0002499999999949765,-0.0002625831903486642,0.00025,0.000262583190338006
1,7.350000000000001,2.156461174394529,7.350000000000001,12.0,-0.00025,0.0002499999999949765,-0.0002627055087032204,0.00025,0.0002627055087156549
1,7.4,2.156461174393489,7.4,12.0,-0.00025,0.0002499999999994174,-0.0002628278270577766,0.00025,0.0002628278270488948
1,7.45,2.156461174395479,7.45,12.0,-0.00025,0.0002500000000038582,-0.0002629501453412786,0.00025,0.0002629501453377259
1,7.5,2.156461174394116,7.5,12.0,-0.00025,0.0002499999999994174,-0.0002630724635963588,0.00025,0.0002630724635910298
1,7.550000000000001,2.156461174396088,7.550000000000001,12.0,-0.00025,0.0002500000000038582,-0.0002631947818088065,0.00025,0.0002631947818176883
1,7.600000000000001,2.156461174393864,7.600000000000001,12.0,-0.00025,0.0002499999999994174,-0.0002633171000070433,0.00025,0.0002633170999999379
1,7.65,2.156461174396295,7.65,12.0,-0.00025,0.0002500000000038582,-0.0002634394181484367,0.00025,0.000263439418164424
1,7.7,2.156461174393493,7.7,12.0,-0.00025,0.0002499999999994174,-0.0002635617362471976,0.00025,0.0002635617362489739
1,7.75,2.156461174396365,7.75,12.0,-0.00025,0.0002499999999994174,-0.0002636840543175367,0.00025,0.0002636840543157604
1,7.800000000000001,2.156461174393366,7.800000000000001,12.0,-0.00025,0.0002499999999994174,-0.0002638063723452433,0.00025,0.0002638063723381379
1,7.850000000000001,2.156461174395468,7.850000000000001,12.0,-0.00025,0.0002499999999994174,-0.0002639286903445281,0.00025,0.0002639286903516336
1,7.9,2.156461174393119,7.9,12.0,-0.00025,0.0002499999999994174,-0.0002640510082869696,0.00025,0.0002640510082763114
1,7.95,2.156461174396265,7.95,12.0,-0.00025,0.0002499999999994174,-0.0002641733262009893,0.00025,0.0002641733262098711
1,8.0,2.156461174393355,8.0,12.0,-0.00025,0.0002499999999994174,-0.0002642956440723765,0.00025,0.0002642956440634947
1,8.05,2.156461174394178,8.05,12.0,-0.00025,0.0002499999999994174,-0.0002644179619153419,0.00025,0.0002644179619260001
1,8.1,2.156461174393562,8.1,12.0,-0.00025,0.0002499999999994174,-0.0002645402797156748,0.00025,0.0002645402797085694
1,8.15,2.156461174396365,8.15,12.0,-0.00025,0.0002500000000038582,-0.0002646625974591643,0.00025,0.0002646625974733752
1,8.200000000000001,2.156461174393606,8.200000000000001,12.0,-0.00025,0.0002499999999994174,-0.0002647849152026538,0.00025,0.0002647849152026538
1,8.25,2.156461174396128,8.25,12.0,-0.00025,0.0002500000000038582,-0.0002649072328608781,0.00025,0.0002649072328786417
1,8.3,2.156461174393637,8.3,12.0,-0.00025,0.0002499999999994174,-0.0002650295505333133,0.00025,0.0002650295505013389
1,8.35,2.156461174395446,8.35,12.0,-0.00025,0.0002500000000038582,-0.0002651518681204834,0.00025,0.0002651518681417997
1,8.4,2.156461174393556,8.4,12.0,-0.00025,0.0002499999999994174,-0.0002652741856934426,0.00025,0.0002652741857112062
1,8.450000000000001,2.156461174395441,8.450000000000001,12.0,-0.00025,0.0002499999999994174,-0.0002653965032237693,0.00025,0.000265396503227322
1,8.5,2.15646117439334,8.5,12.0,-0.00025,0.0002499999999994174,-0.0002655188207114634,0.00025,0.0002655188207079107
1,8.55,2.156461174395524,8.55,12.0,-0.00025,0.0002500000000038582,-0.0002656411381849466,0.00025,0.0002656411381884993
1,8.6,2.156461174393816,8.6,12.0,-0.00025,0.0002499999999994174,-0.0002657634555873756,0.00025,0.0002657634555802701
1,8.65,2.156461174395579,8.65,12.0,-0.00025,0.0002499999999994174,-0.0002658857729613828,0.00025,0.0002658857729542774
1,8.700000000000001,2.156461174393566,8.700000000000001,12.0,-0.00025,0.0002499999999994174,-0.0002660080902927575,0.00025,0.0002660080903105211
1,8.75,2.156461174396285,8.75,12.0,-0.00025,0.0002500000000038582,-0.0002661304075957105,0.00025,0.0002661304076134741
1,8.8,2.156461174393727,8.8,12.0,-0.00025,0.0002500000000038582,-0.0002662527248702418,0.00025,0.0002662527248631363
1,8.85,2.156461174395771,8.85,12.0,-0.00025,0.0002499999999994174,-0.0002663750421021405,0.00025,0.000266375042095035
1,8.9,2.156461174394103,8.9,12.0,-0.00025,0.0002499999999994174,-0.0002664973592914066,0.00025,0.0002664973592914066
1,8.950000000000001,2.156461174396481,8.950000000000001,12.0,-0.00025,0.0002500000000038582,-0.0002666196764380402,0.00025,0.000266619676452251
1,9.0,2.156461174394123,9.0,12.0,-0.00025,0.0002499999999994174,-0.0002667419935562521,0.00025,0.0002667419935420412
1,9.05,2.156461174394425,9.05,12.0,-0.00025,0.0002499999999949765,-0.0002668643106034096,0.00025,0.0002668643106140678
1,9.1,2.156461174395786,9.1,12.0,-0.00025,0.0002499999999994174,-0.0002669866276505672,0.00025,0.0002669866276505672
1,9.15,2.156461174393264,9.15,12.0,-0.00025,0.0002499999999994174,-0.0002671089446693031,0.00025,0.000267108944633776
1,9.200000000000001,2.156461174395848,9.200000000000001,12.0,-0.00025,0.0002500000000038582,-0.000267231261588563,0.00025,0.0002672312615992212
1,9.25,2.156461174393039,9.25,12.0,-0.00025,0.0002499999999994174,-0.0002673535785220338,0.00025,0.0002673535785113756
1,9.3,2.156461174394802,9.3,12.0,-0.00025,0.0002499999999994174,-0.0002674758953986611,0.00025,0.0002674758954057666
1,9.35,2.156461174393596,9.35,12.0,-0.00025,0.0002499999999994174,-0.0002675982122468668,0.00025,0.0002675982122468668
1,9.4,2.156461174395855,9.4,12.0,-0.00025,0.0002499999999994174,-0.0002677205290240181,0.00025,0.0002677205290346762
1,9.450000000000001,2.156461174393451,9.450000000000001,12.0,-0.00025,0.0002499999999994174,-0.0002678428458153803,0.00025,0.0002678428457869586
1,9.5,2.156461174396487,9.5,12.0,-0.00025,0.0002500000000038582,-0.0002679651625214774,0.00025,0.0002679651625214774
1,9.55,2.156461174393709,9.55,12.0,-0.00025,0.0002499999999994174,-0.0002680874792275745,0.00025,0.000268087479220469
1,9.600000000000001,2.156461174394898,9.600000000000001,12.0,-0.00025,0.0002499999999994174,-0.0002682097959052498,0.00025,0.00026820979586617
1,9.65,2.156461174392998,9.65,12.0,-0.00025,0.0002499999999994174,-0.0002683321125118709,0.00025,0.0002683321124941074
1,9.700000000000001,2.156461174394796,9.700000000000001,12.0,-0.00025,0.0002499999999994174,-0.0002684544290758595,0.00025,0.0002684544290687541
1,9.75,2.156461174393994,9.75,12.0,-0.00025,0.0002499999999994174,-0.0002685767456256372,0.00025,0.00026857674559011
1,9.8,2.156461174396151,9.8,12.0,-0.00025,0.0002499999999994174,-0.0002686990621043606,0.00025,0.0002686990621292296
1,9.850000000000001,2.156461174393717,9.850000000000001,12.0,-0.00025,0.0002499999999994174,-0.0002688213785546623,0.00025,0.0002688213785617677
1,9.9,2.156461174396161,9.9,12.0,-0.00025,0.0002499999999994174,-0.0002689436949765422,0.00025,0.0002689436949765422
1,9.950000000000001,2.156461174393023,9.950000000000001,12.0,-0.00025,0.0002499999999994174,-0.0002690660113557897,0.00025,0.0002690660113735532
1,10.0,2.156461174396013,10.0,12.0,-0.00025,0.0002499999999994174,-0.0002691883276781937,0.00025,0.0002691883277172735
2,0.0,2.312733548049882,0.0,12.0,-0.001,0.0009999999999976694,2.782584162873596e-59,0.001,-7.197140836057608e-46
2,0.05,2.312733548050246,0.05,12.0,-0.001,0.00100000000000211,-0.0002875461374940991,0.001,0.0002875461374935578
2,0.1,2.312733548050277,0.1,12.0,-0.001,0.00100000000000211,-0.0005254392574998157,0.001,0.0005254392574956246
2,0.15,2.312733548049952,0.15,12.0,-0.001,0.0009999999999976694,-0.0007135898336931845,0.001,0.0007135898336868562
2,0.2,2.312733548050036,0.2,12.0,-0.001,0.00100000000000211,-0.0008519082447060455,0.001,0.0008519082447000503
2,0.25,2.312733548050479,0.25,12.0,-0.001,0.0009999999999976694,-0.0009403047738976156,0.001,0.0009403047738959502
2,0.3,2.312733548050026,0.3,12.0,-0.001,0.00100000000000211,-0.0009786896091190656,0.001,0.0009786896091135144
2,0.35,2.312733548049624,0.35,12.0,-0.001,0.0009999999999976694,-0.0009808283571595133,0.001,0.0009808283570234
2,0.4,2.312733548050243,0.4,12.0,-0.001,0.00100000000000211,-0.0009813167543706314,0.001,0.0009813167543748502
2,0.45,2.312733548050212,0.45,12.0,-0.001,0.00100000000000211,-0.00098180515128643,0.001,0.0009818051512849868
2,0.5,2.312733548050299,0.5,12.0,-0.001,0.00100000000000211,-0.0009822935478860373,0.001,0.000982293547889257
2,0.55,2.31273354805053,0.55,12.0,-0.001,0.0009999999999976694,-0.0009827819441881047,0.001,0.0009827819441909913
2,0.6000000000000001,2.312733548050102,0.6000000000000001,12.0,-0.001,0.0009999999999976694,-0.0009832703401837506,0.001,0.000983270340181308
2,0.65,2.312733548050385,0.65,12.0,-0.001,0.00100000000000211,-0.000983758735872975,0.001,0.0009837587358718647
2,0.7000000000000001,2.312733548049426,0.7000000000000001,12.0,-0.001,0.0009999999999976694,-0.0009842471312504486,0.001,0.0009842471312482282
2,0.75,2.312733548050398,0.75,12.0,-0.001,0.00100000000000211,-0.0009847355263259416,0.001,0.000984735526332603
2,0.8,2.312733548050139,0.8,12.0,-0.001,0.00100000000000211,-0.000985223921103895,0.001,0.0009852239211050051
2,0.8500000000000001,2.312733548049991,0.8500000000000001,12.0,-0.001,0.00100000000000211,-0.0009857123155736502,0.001,0.000985712315572096
2,0.9,2.312733548049714,0.9,12.0,-0.001,0.0009999999999976694,-0.0009862007097360959,0.001,0.0009862007097338754
2,0.9500000000000001,2.312733548049904,0.9500000000000001,12.0,-0.001,0.00100000000000211,-0.0009866891035947845,0.001,0.0009866891035936742
2,1.0,2.312733548050294,1.0,12.0,-0.001,0.00100000000000211,-0.0009871774971461633,0.001,0.0009871774971470515
2,1.05,2.312733548049541,1.05,12.0,-0.001,0.0009999999999976694,-0.0009876658903920088,0.001,0.000987665890392897
2,1.1,2.312733548050222,1.1,12.0,-0.001,0.00100000000000211,-0.0009881542833287682,0.001,0.0009881542833367618
2,1.15,2.312733548050519,1.15,12.0,-0.001,0.00100000000000211,-0.0009886426759759814,0.001,0.0009886426759764255
2,1.2,2.312733548050527,1.2,12.0,-0.001,0.00100000000000211,-0.0009891310683070031,0.001,0.0009891310683096677
2,1.25,2.312733548050347,1.25,12.0,-0.001,0.00100000000000211,-0.0009896194603342678,0.001,0.0009896194603364883
2,1.3,2.312733548050203,1.3,12.0,-0.001,0.00100000000000211,-0.0009901078520559992,0.001,0.0009901078520568873
2,1.35,2.31273354805003,1.35,12.0,-0.001,0.00100000000000211,-0.000990596243472197,0.001,0.0009905962434708648
2,1.4,2.31273354804982,1.4,12.0,-0.001,0.0009999999999976694,-0.0009910846345810853,0.001,0.0009910846345828617
2,1.45,2.312733548049907,1.45,12.0,-0.001,0.00100000000000211,-0.000991573025393322,0.001,0.000991573025388437
2,1.5,2.312733548050194,1.5,12.0,-0.001,0.00100000000000211,-0.0009920614158929197,0.001,0.000992061415894252
2,1.55,2.312733548049952,1.55,12.0,-0.001,0.0009999999999976694,-0.0009925498060887605,0.001,0.0009925498060869842
2,1.6,2.312733548050011,1.6,12.0,-0.001,0.00100000000000211,-0.0009930381959772916,0.001,0.0009930381959777357
2,1.65,2.312733548050116,1.65,12.0,-0.001,0.00100000000000211,-0.0009935265855673947,0.001,0.000993526585564286
2,1.7,2.312733548049303,1.7,12.0,-0.001,0.0009999999999976694,-0.0009940149748466354,0.001,0.0009940149748421945
2,1.75,2.312733548049289,1.75,12.0,-0.001,0.0009999999999976694,-0.0009945033638238954,0.001,0.0009945033638181222
2,1.8,2.312733548049987,1.8,12.0,-0.001,0.00100000000000211,-0.0009949917524920693,0.001,0.0009949917524920693
2,1.85,2.312733548049545,1.85,12.0,-0.001,0.0009999999999976694,-0.0009954801408582625,0.001,0.0009954801408573744
2,1.9,2.312733548049991,1.9,12.0,-0.001,0.00100000000000211,-0.0009959685289189224,0.001,0.0009959685289229192
2,1.95,2.312733548049628,1.95,12.0,-0.001,0.0009999999999976694,-0.000996456916674049,0.001,0.0009964569166731607
2,2.0,2.312733548049924,2.0,12.0,-0.001,0.0009999999999976694,-0.000996945304123642,0.001,0.000996945304123642
2,2.05,2.312733548049299,2.05,12.0,-0.001,0.0009999999999976694,-0.0009974336912677018,0.001,0.00099743369125882
2,2.1,2.31273354804938,2.1,12.0,-0.001,0.0009999999999976694,-0.0009979220781062281,0.001,0.00099792207810534
2,2.15,2.312733548050086,2.15,12.0,-0.001,0.0009999999999976694,-0.0009984104646427738,0.001,0.0009984104646454384
2,2.2,2.312733548050336,2.2,12.0,-0.001,0.00100000000000211,-0.0009988988508666807,0.001,0.0009988988508746743
2,2.25,2.312733548050095,2.25,12.0,-0.001,0.00100000000000211,-0.0009993872367957124,0.001,0.0009993872368019296
2,2.3,2.312733548049796,2.3,12.0,-0.001,0.0009999999999976694,-0.0009998756224049998,0.001,0.0009998756224094407
2,2.35,2.312733548050359,2.35,12.0,-0.001,0.00100000000000211,-0.00100036400773007,0.001,0.001000364007728294
2,2.4,2.312733548050026,2.4,12.0,-0.001,0.00100000000000211,-0.001000852392738949,0.001,0.001000852392740725
2,2.45,2.312733548050511,2.45,12.0,-0.001,0.00100000000000211,-0.001001340777445847,0.001,0.001001340777446735
2,2.5,2.312733548049935,2.5,12.0,-0.001,0.00100000000000211,-0.001001829161843659,0.001,0.001001829161841883
2,2.55,2.312733548049323,2.55,12.0,-0.001,0.0009999999999976694,-0.001002317545939491,0.001,0.001002317545930609
2,2.6,2.312733548049658,2.6,12.0,-0.001,0.0009999999999976694,-0.001002805929722683,0.001,0.001002805929721795
2,2.65,2.31273354805018,2.65,12.0,-0.001,0.00100000000000211,-0.001003294313203895,0.001,0.00100329431320656
2,2.7,2.312733548049673,2.7,12.0,-0.001,0.0009999999999976694,-0.001003782696386679,0.001,0.001003782696384903
2,2.75,2.312733548050462,2.75,12.0,-0.001,0.00100000000000211,-0.001004271079260377,0.001,0.001004271079256824
2,2.8,2.312733548049258,2.8,12.0,-0.001,0.0009999999999976694,-0.001004759461828542,0.001,0.001004759461817883
2,2.85,2.312733548049265,2.85,12.0,-0.001,0.0009999999999976694,-0.001005247844091173,0.001,0.001005247844081403
2,2.9,2.312733548049961,2.9,12.0,-0.001,0.00100000000000211,-0.001005736226051823,0.001,0.001005736226047382
2,2.95,2.312733548049333,2.95,12.0,-0.001,0.00100000000000211,-0.001006224607699835,0.001,0.001006224607698059
2,3.0,2.312733548049612,3.0,12.0,-0.001,0.0009999999999976694,-0.001006712989045866,0.001,0.001006712989046754
2,3.05,2.31273354805007,3.05,12.0,-0.001,0.00100000000000211,-0.001007201370097022,0.001,0.001007201370093469
2,3.1,2.312733548050302,3.1,12.0,-0.001,0.00100000000000211,-0.001007689750828433,0.001,0.001007689750833762
2,3.15,2.312733548050347,3.15,12.0,-0.001,0.00100000000000211,-0.001008178131261417,0.001,0.001008178131263193
2,3.2,2.312733548049306,3.2,12.0,-0.001,0.0009999999999976694,-0.00100866651139242,0.001,0.001008666511390643
2,3.25,2.31273354805018,3.25,12.0,-0.001,0.00100000000000211,-0.001009154891221442,0.001,0.001009154891207231
2,3.3,2.312733548050363,3.3,12.0,-0.001,0.00100000000000211,-0.001009643270727167,0.001,0.001009643270726279
2,3.35,2.31273354805044,3.35,12.0,-0.001,0.00100000000000211,-0.001010131649934465,0.001,0.001010131649934465
2,3.4,2.312733548050229,3.4,12.0,-0.001,0.00100000000000211,-0.001010620028836229,0.001,0.001010620028845111
2,3.45,2.312733548050366,3.45,12.0,-0.001,0.00100000000000211,-0.001011108407439565,0.001,0.001011108407449335
2,3.5,2.312733548050117,3.5,12.0,-0.001,0.0009999999999976694,-0.001011596785744473,0.001,0.001011596785747138
2,3.55,2.312733548049906,3.55,12.0,-0.001,0.00100000000000211,-0.001012085163729637,0.001,0.001012085163734078
2,3.6,2.312733548049886,3.6,12.0,-0.001,0.00100000000000211,-0.001012573541423478,0.001,0.001012573541419037
2,3.65,2.312733548049879,3.65,12.0,-0.001,0.0009999999999976694,-0.001013061918804681,0.001,0.001013061918806457
2,3.7,2.312733548049928,3.7,12.0,-0.001,0.00100000000000211,-0.00101355029588035,0.001,0.001013550295869692
2,3.75,2.312733548050069,3.75,12.0,-0.001,0.00100000000000211,-0.00101403867264338,0.001,0.001014038672644269
2,3.8,2.312733548050503,3.8,12.0,-0.001,0.00100000000000211,-0.001014527049115088,0.001,0.001014527049116865
2,3.85,2.312733548050145,3.85,12.0,-0.001,0.00100000000000211,-0.001015015425267052,0.001,0.001015015425269716
2,3.9,2.312733548049284,3.9,12.0,-0.001,0.0009999999999976694,-0.001015503801127693,0.001,0.001015503801125028
2,3.95,2.312733548050087,3.95,12.0,-0.001,0.0009999999999976694,-0.001015992176682801,0.001,0.001015992176687242
2,4.0,2.312733548050427,4.0,12.0,-0.001,0.00100000000000211,-0.001016480551911059,0.001,0.001016480551920829
2,4.05,2.312733548050148,4.05,12.0,-0.001,0.0009999999999976694,-0.001016968926869311,0.001,0.001016968926865758
2,4.100000000000001,2.312733548049902,4.100000000000001,12.0,-0.001,0.00100000000000211,-0.001017457301493607,0.001,0.001017457301504265
2,4.15,2.31273354805025,4.15,12.0,-0.001,0.0009999999999976694,-0.001017945675826581,0.001,0.001017945675840792
2,4.2,2.312733548050181,4.2,12.0,-0.001,0.00100000000000211,-0.001018434049868233,0.001,0.001018434049866457
2,4.25,2.312733548050433,4.25,12.0,-0.001,0.0009999999999976694,-0.001018922423583035,0.001,0.001018922423581259
2,4.3,2.312733548049541,4.3,12.0,-0.001,0.0009999999999976694,-0.001019410796978093,0.001,0.00101941079699408
2,4.350000000000001,2.312733548050476,4.350000000000001,12.0,-0.001,0.00100000000000211,-0.001019899170088934,0.001,0.001019899170096039
2,4.4,2.312733548050449,4.4,12.0,-0.001,0.0009999999999976694,-0.001020387542894241,0.001,0.001020387542896017
2,4.45,2.312733548049514,4.45,12.0,-0.001,0.0009999999999976694,-0.001020875915394015,0.001,0.001020875915394015
2,4.5,2.312733548049955,4.5,12.0,-0.001,0.00100000000000211,-0.001021364287588256,0.001,0.001021364287598914
2,4.55,2.312733548049322,4.55,12.0,-0.001,0.0009999999999976694,-0.001021852659484068,0.001,0.001021852659475186
2,4.600000000000001,2.31273354804949,4.600000000000001,12.0,-0.001,0.0009999999999976694,-0.001022341031067242,0.001,0.00102234103105836
2,4.65,2.31273354805027,4.65,12.0,-0.001,0.0009999999999976694,-0.001022829402337777,0.001,0.001022829402348435
2,4.7,2.312733548050331,4.7,12.0,-0.001,0.00100000000000211,-0.001023317773324095,0.001,0.001023317773327648
2,4.75,2.312733548049289,4.75,12.0,-0.001,0.0009999999999976694,-0.001023806143976458,0.001,0.001023806143969352
2,4.800000000000001,2.312733548050054,4.800000000000001,12.0,-0.001,0.00100000000000211,-0.001024294514351709,0.001,0.001024294514344604
2,4.850000000000001,2.312733548049905,4.850000000000001,12.0,-0.001,0.00100000000000211,-0.001024782884400111,0.001,0.001024782884408992
2,4.9,2.312733548050347,4.9,12.0,-0.001,0.00100000000000211,-0.001025271254164295,0.001,0.0010252712541714
2,4.95,2.312733548050326,4.95,12.0,-0.001,0.00100000000000211,-0.001025759623615841,0.001,0.001025759623614064
2,5.0,2.312733548049933,5.0,12.0,-0.001,0.0009999999999976694,-0.001026247992761853,0.001,0.001026247992754747
2,5.050000000000001,2.312733548049379,5.050000000000001,12.0,-0.001,0.0009999999999976694,-0.001026736361595226,0.001,0.00102673636159345
2,5.100000000000001,2.312733548050505,5.100000000000001,12.0,-0.001,0.00100000000000211,-0.001027224730123066,0.001,0.001027224730130172
2,5.15,2.312733548050153,5.15,12.0,-0.001,0.00100000000000211,-0.001027713098352478,0.001,0.001027713098356031
2,5.2,2.312733548049398,5.2,12.0,-0.001,0.0009999999999976694,-0.001028201466276357,0.001,0.00102820146627991
2,5.25,2.312733548050423,5.25,12.0,-0.001,0.00100000000000211,-0.001028689833894703,0.001,0.001028689833901808
2,5.300000000000001,2.312733548050081,5.300000000000001,12.0,-0.001,0.00100000000000211,-0.00102917820121462,0.001,0.001029178201203962
2,5.350000000000001,2.312733548050215,5.350000000000001,12.0,-0.001,0.00100000000000211,-0.001029666568214793,0.001,0.001029666568221899
2,5.4,2.312733548050266,5.4,12.0,-0.001,0.00100000000000211,-0.001030154934916538,0.001,0.001030154934911209
2,5.45,2.312733548050024,5.45,12.0,-0.001,0.00100000000000211,-0.00103064330131275,0.001,0.001030643301316303
2,5.5,2.312733548049259,5.5,12.0,-0.001,0.0009999999999976694,-0.001031131667410534,0.001,0.001031131667401652
2,5.550000000000001,2.312733548049315,5.550000000000001,12.0,-0.001,0.0009999999999976694,-0.001031620033195679,0.001,0.001031620033185021
2,5.600000000000001,2.312733548049419,5.600000000000001,12.0,-0.001,0.0009999999999976694,-0.001032108398675291,0.001,0.001032108398675291
2,5.65,2.312733548049267,5.65,12.0,-0.001,0.0009999999999976694,-0.00103259676386358,0.001,0.001032596763845817
2,5.7,2.312733548050086,5.7,12.0,-0.001,0.00100000000000211,-0.001033085128710809,0.001,0.001033085128714362
2,5.75,2.312733548050532,5.75,12.0,-0.001,0.00100000000000211,-0.001033573493288031,0.001,0.001033573493289808
2,5.800000000000001,2.312733548050438,5.800000000000001,12.0,-0.001,0.00100000000000211,-0.00103406185754551,0.001,0.001034061857554391
2,5.850000000000001,2.312733548050225,5.850000000000001,12.0,-0.001,0.00100000000000211,-0.001034550221511665,0.001,0.001034550221516994
2,5.9,2.312733548050329,5.9,12.0,-0.001,0.00100000000000211,-0.001035038585158077,0.001,0.001035038585159853
2,5.95,2.312733548049601,5.95,12.0,-0.001,0.0009999999999976694,-0.00103552694850606,0.001,0.001035526948500731
2,6.0,2.312733548050217,6.0,12.0,-0.001,0.00100000000000211,-0.001036015311541405,0.001,0.001036015311539629
2,6.050000000000001,2.312733548049998,6.050000000000001,12.0,-0.001,0.00100000000000211,-0.001036503674264111,0.001,0.001036503674276545
2,6.100000000000001,2.312733548050512,6.100000000000001,12.0,-0.001,0.00100000000000211,-0.001036992036709705,0.001,0.001036992036711482
2,6.15,2.312733548050162,6.15,12.0,-0.001,0.00100000000000211,-0.001037480398849766,0.001,0.001037480398844437
2,6.2,2.312733548049477,6.2,12.0,-0.001,0.00100000000000211,-0.001037968760648766,0.001,0.001037968760648766
2,6.25,2.312733548050248,6.25,12.0,-0.001,0.0009999999999976694,-0.00103845712216355,0.001,0.001038457122177761
2,6.300000000000001,2.31273354805011,6.300000000000001,12.0,-0.001,0.00100000000000211,-0.001038945483379905,0.001,0.00103894548338701
2,6.350000000000001,2.312733548050022,6.350000000000001,12.0,-0.001,0.00100000000000211,-0.001039433844290727,0.001,0.001039433844276516
2,6.4,2.312733548050393,6.4,12.0,-0.001,0.0009999999999976694,-0.00103992220488891,0.001,0.001039922204899568
2,6.45,2.312733548050134,6.45,12.0,-0.001,0.0009999999999976694,-0.001040410565167349,0.001,0.001040410565176231
2,6.5,2.312733548049951,6.5,12.0,-0.001,0.00100000000000211,-0.001040898925182887,0.001,0.001040898925168676
2,6.550000000000001,2.31273354805044,6.550000000000001,12.0,-0.001,0.00100000000000211,-0.001041387284857365,0.001,0.001041387284859141
2,6.600000000000001,2.312733548050078,6.600000000000001,12.0,-0.001,0.00100000000000211,-0.001041875644247625,0.001,0.001041875644247625
2,6.65,2.312733548050054,6.65,12.0,-0.001,0.00100000000000211,-0.001042364003311036,0.001,0.001042364003307483
2,6.7,2.31273354805046,6.7,12.0,-0.001,0.00100000000000211,-0.001042852362076019,0.001,0.001042852362083124
2,6.75,2.312733548050252,6.75,12.0,-0.001,0.00100000000000211,-0.001043340720528363,0.001,0.001043340720539021
2,6.800000000000001,2.312733548049912,6.800000000000001,12.0,-0.001,0.00100000000000211,-0.00104382907869649,0.001,0.001043829078719583
2,6.850000000000001,2.31273354804963,6.850000000000001,12.0,-0.001,0.0009999999999976694,-0.001044317436551978,0.001,0.001044317436544873
2,6.9,2.312733548049251,6.9,12.0,-0.001,0.00100000000000211,-0.001044805794123249,0.001,0.001044805794121473
2,6.95,2.312733548050207,6.95,12.0,-0.001,0.00100000000000211,-0.001045294151367671,0.001,0.001045294151369447
2,7.0,2.312733548049885,7.0,12.0,-0.001,0.0009999999999976694,-0.001045782508299453,0.001,0.001045782508297677
2,7.050000000000001,2.312733548049551,7.050000000000001,12.0,-0.001,0.0009999999999976694,-0.001046270864918597,0.001,0.001046270864932808
2,7.100000000000001,2.3127335480502,7.100000000000001,12.0,-0.001,0.00100000000000211,-0.001046759221253524,0.001,0.001046759221265958
2,7.15,2.312733548050129,7.15,12.0,-0.001,0.00100000000000211,-0.001047247577275812,0.001,0.001047247577288246
2,7.2,2.312733548050021,7.2,12.0,-0.001,0.00100000000000211,-0.001047735932999672,0.001,0.001047735932999672
2,7.25,2.312733548050225,7.25,12.0,-0.001,0.00100000000000211,-0.001048224288410893,0.001,0.001048224288417998
2,7.300000000000001,2.312733548049573,7.300000000000001,12.0,-0.001,0.0009999999999976694,-0.001048712643523686,0.001,0.001048712643525462
2,7.350000000000001,2.312733548049287,7.350000000000001,12.0,-0.001,0.0009999999999976694,-0.00104920099832384,0.001,0.001049200998322064
2,7.4,2.312733548049877,7.4,12.0,-0.001,0.00100000000000211,-0.001049689352825567,0.001,0.001049689352825567
2,7.45,2.312733548049853,7.45,12.0,-0.001,0.0009999999999976694,-0.001050177707014655,0.001,0.001050177707018207
2,7.5,2.312733548049602,7.5,12.0,-0.001,0.0009999999999976694,-0.001050666060905314,0.001,0.001050666060891103
2,7.550000000000001,2.312733548049271,7.550000000000001,12.0,-0.001,0.00100000000000211,-0.001051154414483335,0.001,0.001051154414479782
2,7.600000000000001,2.312733548049425,7.600000000000001,12.0,-0.001,0.0009999999999976694,-0.001051642767762928,0.001,0.001051642767775363
2,7.65,2.312733548049679,7.65,12.0,-0.001,0.0009999999999976694,-0.001052131120729882,0.001,0.001052131120733435
2,7.7,2.312733548050383,7.7,12.0,-0.001,0.0009999999999976694,-0.001052619473398408,0.001,0.001052619473398408
2,7.75,2.312733548049327,7.75,12.0,-0.001,0.0009999999999976694,-0.001053107825782718,0.001,0.001053107825743638
2,7.800000000000001,2.312733548050236,7.800000000000001,12.0,-0.001,0.00100000000000211,-0.001053596177811755,0.001,0.001053596177831295
2,7.850000000000001,2.312733548049743,7.850000000000001,12.0,-0.001,0.0009999999999976694,-0.001054084529584998,0.001,0.001054084529590327
2,7.9,2.312733548050451,7.9,12.0,-0.001,0.00100000000000211,-0.00105457288103139,0.001,0.001054572881038496
2,7.95,2.312733548049855,7.95,12.0,-0.001,0.0009999999999976694,-0.001055061232179355,0.001,0.001055061232175802
2,8.0,2.312733548050501,8.0,12.0,-0.001,0.00100000000000211,-0.001055549583028892,0.001,0.001055549583037774
2,8.05,2.31273354804977,8.05,12.0,-0.001,0.0009999999999976694,-0.001056037933551579,0.001,0.001056037933544474
2,8.1,2.312733548050161,8.1,12.0,-0.001,0.00100000000000211,-0.001056526283747417,0.001,0.001056526283758075
2,8.15,2.312733548050476,8.15,12.0,-0.001,0.00100000000000211,-0.001057014633687459,0.001,0.001057014633687459
2,8.200000000000001,2.312733548050343,8.200000000000001,12.0,-0.001,0.00100000000000211,-0.001057502983300651,0.001,0.001057502983297098
2,8.25,2.312733548050503,8.25,12.0,-0.001,0.00100000000000211,-0.001057991332601205,0.001,0.001057991332622521
2,8.3,2.312733548049393,8.3,12.0,-0.001,0.0009999999999976694,-0.001058479681617541,0.001,0.001058479681645963
2,8.35,2.312733548050322,8.35,12.0,-0.001,0.00100000000000211,-0.00105896803033545,0.001,0.001058968030314134
2,8.4,2.312733548050534,8.4,12.0,-0.001,0.00100000000000211,-0.001059456378726509,0.001,0.001059456378715851
2,8.450000000000001,2.312733548050003,8.450000000000001,12.0,-0.001,0.00100000000000211,-0.001059944726804929,0.001,0.00105994472678006
2,8.5,2.312733548050161,8.5,12.0,-0.001,0.00100000000000211,-0.00106043307457071,0.001,0.001060433074577816
2,8.55,2.312733548050045,8.55,12.0,-0.001,0.00100000000000211,-0.001060921422066485,0.001,0.001060921422055827
2,8.6,2.312733548050341,8.6,12.0,-0.001,0.0009999999999976694,-0.001061409769278043,0.001,0.001061409769267385
2,8.65,2.312733548050474,8.65,12.0,-0.001,0.00100000000000211,-0.001061898116120119,0.001,0.001061898116123672
2,8.700000000000001,2.31273354805026,8.700000000000001,12.0,-0.001,0.00100000000000211,-0.001062386462677978,0.001,0.001062386462677978
2,8.75,2.312733548049938,8.75,12.0,-0.001,0.00100000000000211,-0.001062874808951619,0.001,0.001062874808948067
2,8.8,2.312733548049947,8.8,12.0,-0.001,0.00100000000000211,-0.001063363154912622,0.001,0.001063363154916175
2,8.85,2.312733548049907,8.85,12.0,-0.001,0.00100000000000211,-0.001063851500546775,0.001,0.001063851500546775
2,8.9,2.312733548049889,8.9,12.0,-0.001,0.00100000000000211,-0.001064339845910922,0.001,0.001064339845910922
2,8.950000000000001,2.312733548049915,8.950000000000001,12.0,-0.001,0.00100000000000211,-0.001064828190934008,0.001,0.001064828190919798
2,9.0,2.312733548050446,9.0,12.0,-0.001,0.00100000000000211,-0.001065316535658667,0.001,0.00106531653566222
2,9.05,2.312733548050431,9.05,12.0,-0.001,0.00100000000000211,-0.001065804880113319,0.001,0.001065804880102661
2,9.1,2.312733548049481,9.1,12.0,-0.001,0.0009999999999976694,-0.001066293224226911,0.001,0.001066293224223358
2,9.15,2.312733548049589,9.15,12.0,-0.001,0.0009999999999976694,-0.001066781568056285,0.001,0.001066781568059838
2,9.200000000000001,2.312733548049915,9.200000000000001,12.0,-0.001,0.00100000000000211,-0.001067269911587232,0.001,0.001067269911576574
2,9.25,2.312733548049454,9.25,12.0,-0.001,0.0009999999999976694,-0.001067758254791329,0.001,0.001067758254773565
2,9.3,2.312733548049828,9.3,12.0,-0.001,0.0009999999999976694,-0.001068246597696998,0.001,0.001068246597704103
2,9.35,2.312733548050444,9.35,12.0,-0.001,0.0009999999999976694,-0.001068734940304239,0.001,0.001068734940297134
2,9.4,2.312733548050413,9.4,12.0,-0.001,0.00100000000000211,-0.00106922328258463,0.001,0.001069223282588183
2,9.450000000000001,2.3127335480505,9.450000000000001,12.0,-0.001,0.0009999999999976694,-0.001069711624566594,0.001,0.001069711624559488
2,9.5,2.312733548050108,9.5,12.0,-0.001,0.00100000000000211,-0.00107019996626434,0.001,0.001070199966246577
2,9.55,2.312733548050051,9.55,12.0,-0.001,0.00100000000000211,-0.001070688307606815,0.001,0.001070688307631684
2,9.600000000000001,2.312733548050194,9.600000000000001,12.0,-0.001,0.00100000000000211,-0.001071176648721917,0.001,0.001071176648714811
2,9.65,2.312733548050166,9.65,12.0,-0.001,0.00100000000000211,-0.001071664989495957,0.001,0.001071664989495957
2,9.700000000000001,2.312733548049982,9.700000000000001,12.0,-0.001,0.00100000000000211,-0.001072153329957359,0.001,0.001072153329939596
2,9.75,2.312733548049368,9.75,12.0,-0.001,0.0009999999999976694,-0.001072641670120333,0.001,0.001072641670099017
2,9.8,2.312733548049978,9.8,12.0,-0.001,0.00100000000000211,-0.001073130009956458,0.001,0.001073130009974221
2,9.850000000000001,2.312733548050105,9.850000000000001,12.0,-0.001,0.00100000000000211,-0.001073618349536787,0.001,0.001073618349511918
2,9.9,2.312733548049398,9.9,12.0,-0.001,0.0009999999999976694,-0.001074106688747634,0.001,0.001074106688747634
2,9.950000000000001,2.312733548049493,9.950000000000001,12.0,-0.001,0.0009999999999976694,-0.001074595027702685,0.001,0.001074595027681369
2,10.0,2.312733548049756,10.0,12.0,-0.001,0.0009999999999976694,-0.001075083366316676,0.001,0.001075083366330887
3,0.0,2.442051883735393,0.0,12.0,-0.002,0.001999999999995339,4.335213558584095e-47,0.002,-1.121300945783238e-33
3,0.05,2.442051883734996,0.05,12.0,-0.002,0.00199999999999978,-0.0004165647989115007,0.002,0.0004165647989094051
3,0.1,2.442051883734794,0.1,12.0,-0.002,0.001999999999995339,-0.0007836564795051792,0.002,0.0007836564794971856
3,0.15,2.442051883734752,0.15,12.0,-0.002,0.001999999999995339,-0.001101185769000201,0.002,0.00110118576899354
3,0.2,2.442051883734928,0.2,12.0,-0.002,0.00199999999999978,-0.001369063300173279,0.002,0.001369063300167839
3,0.25,2.442051883734723,0.25,12.0,-0.002,0.00199999999999978,-0.001587199611122969,0.002,0.001587199611115253
3,0.3,2.442051883734821,0.3,12.0,-0.002,0.00199999999999978,-0.001755505145023317,0.002,0.001755505145016323
3,0.35,2.442051883735131,0.35,12.0,-0.002,0.00199999999999978,-0.001873890249896704,0.002,0.001873890249893817
3,0.4,2.442051883734678,0.4,12.0,-0.002,0.00199999999999978,-0.001942265178365155,0.002,0.001942265178360714
3,0.45,2.442051883735111,0.45,12.0,-0.002,0.001999999999995339,-0.001961143196271387,0.002,0.001961143196026471
3,0.5,2.442051883734774,0.5,12.0,-0.002,0.00199999999999978,-0.001962118508966881,0.002,0.00196211850893413
3,0.55,2.44205188373484,0.55,12.0,-0.002,0.00199999999999978,-0.001963093820800843,0.002,0.00196309382080373
3,0.6000000000000001,2.442051883735064,0.6000000000000001,12.0,-0.002,0.00199999999999978,-0.001964069131776824,0.002,0.001964069131777935
3,0.65,2.442051883734788,0.65,12.0,-0.002,0.001999999999995339,-0.001965044441889496,0.002,0.001965044441889496
3,0.7000000000000001,2.442051883734782,0.7000000000000001,12.0,-0.002,0.00199999999999978,-0.001966019751141523,0.002,0.001966019751140635
3,0.75,2.442051883734812,0.75,12.0,-0.002,0.00199999999999978,-0.001966995059533794,0.002,0.001966995059530241
3,0.8,2.442051883734703,0.8,12.0,-0.002,0.001999999999995339,-0.001967970367061866,0.002,0.001967970367059424
3,0.8500000000000001,2.442051883734771,0.8500000000000001,12.0,-0.002,0.001999999999995339,-0.001968945673729294,0.002,0.001968945673732625
3,0.9,2.442051883734687,0.9,12.0,-0.002,0.00199999999999978,-0.001969920979536965,0.002,0.001969920979537632
3,0.9500000000000001,2.442051883734808,0.9500000000000001,12.0,-0.002,0.001999999999995339,-0.001970896284488433,0.002,0.001970896284486656
3,1.0,2.442051883734711,1.0,12.0,-0.002,0.002000000000004221,-0.001971871588571261,0.002,0.001971871588571927
3,1.05,2.442051883734881,1.05,12.0,-0.002,0.00199999999999978,-0.001972846891799662,0.002,0.001972846891797886
3,1.1,2.442051883734903,1.1,12.0,-0.002,0.00199999999999978,-0.001973822194164754,0.002,0.001973822194163422
3,1.15,2.442051883734689,1.15,12.0,-0.002,0.002000000000004221,-0.001974797495662983,0.002,0.001974797495662983
3,1.2,2.442051883735062,1.2,12.0,-0.002,0.00199999999999978,-0.001975772796310338,0.002,0.001975772796309894
3,1.25,2.442051883735127,1.25,12.0,-0.002,0.00199999999999978,-0.001976748096089054,0.002,0.00197674809609083
3,1.3,2.442051883734729,1.3,12.0,-0.002,0.002000000000004221,-0.001977723395011566,0.002,0.001977723395008013
3,1.35,2.442051883734743,1.35,12.0,-0.002,0.00199999999999978,-0.001978698693072545,0.002,0.001978698693068104
3,1.4,2.442051883734715,1.4,12.0,-0.002,0.00199999999999978,-0.001979673990271991,0.002,0.001979673990268882
3,1.45,2.442051883734804,1.45,12.0,-0.002,0.00199999999999978,-0.001980649286609903,0.002,0.001980649286608127
3,1.5,2.442051883734984,1.5,12.0,-0.002,0.00199999999999978,-0.001981624582086283,0.002,0.001981624582085839
3,1.55,2.442051883735061,1.55,12.0,-0.002,0.00199999999999978,-0.00198259987670113,0.002,0.001982599876702018
3,1.6,2.442051883734914,1.6,12.0,-0.002,0.00199999999999978,-0.001983575170457996,0.002,0.001983575170456664
3,1.65,2.442051883734762,1.65,12.0,-0.002,0.00199999999999978,-0.001984550463348,0.002,0.001984550463349777
3,1.7,2.442051883734851,1.7,12.0,-0.002,0.00199999999999978,-0.001985525755383577,0.002,0.001985525755388018
3,1.75,2.442051883734773,1.75,12.0,-0.002,0.00199999999999978,-0.001986501046552291,0.002,0.001986501046553624
3,1.8,2.442051883734843,1.8,12.0,-0.002,0.00199999999999978,-0.001987476336864802,0.002,0.001987476336866578
3,1.85,2.4420518837351,1.85,12.0,-0.002,0.00199999999999978,-0.001988451626314003,0.002,0.001988451626318
3,1.9,2.442051883734692,1.9,12.0,-0.002,0.00199999999999978,-0.001989426914907,0.002,0.001989426914907888
3,1.95,2.442051883734956,1.95,12.0,-0.002,0.00199999999999978,-0.001990402202633135,0.002,0.001990402202640684
3,2.0,2.442051883734889,2.0,12.0,-0.002,0.00199999999999978,-0.001991377489506618,0.002,0.001991377489507506
3,2.05,2.442051883735072,2.05,12.0,-0.002,0.00199999999999978,-0.00199235277551324,0.002,0.001992352775515016
3,2.1,2.442051883735084,2.1,12.0,-0.002,0.00199999999999978,-0.001993328060660104,0.002,0.001993328060660993
3,2.15,2.44205188373468,2.15,12.0,-0.002,0.00199999999999978,-0.00199430334494366,0.002,0.001994303344940995
3,2.2,2.442051883734917,2.2,12.0,-0.002,0.00199999999999978,-0.001995278628371011,0.002,0.001995278628372787
3,2.25,2.442051883734998,2.25,12.0,-0.002,0.00199999999999978,-0.0019962539109315,0.002,0.001996253910929724
3,2.3,2.442051883735061,2.3,12.0,-0.002,0.00199999999999978,-0.001997229192639338,0.002,0.00199722919263845
3,2.35,2.44205188373484,2.35,12.0,-0.002,0.00199999999999978,-0.001998204473473209,0.002,0.001998204473476761
3,2.4,2.4420518837349,2.4,12.0,-0.002,0.00199999999999978,-0.00199917975345798,0.002,0.00199917975345798
3,2.45,2.442051883734881,2.45,12.0,-0.002,0.00199999999999978,-0.002000155032579443,0.002,0.002000155032582107
3,2.5,2.442051883734814,2.5,12.0,-0.002,0.00199999999999978,-0.002001130310837596,0.002,0.002001130310835819
3,2.55,2.442051883735137,2.55,12.0,-0.002,0.00199999999999978,-0.002002105588232439,0.002,0.00200210558823688
3,2.6,2.442051883734789,2.6,12.0,-0.002,0.001999999999995339,-0.002003080864781737,0.002,0.002003080864776408
3,2.65,2.442051883734862,2.65,12.0,-0.002,0.00199999999999978,-0.002004056140453514,0.002,0.002004056140454402
3,2.7,2.442051883734742,2.7,12.0,-0.002,0.00199999999999978,-0.00200503141527264,0.002,0.002005031415266423
3,2.75,2.442051883734928,2.75,12.0,-0.002,0.00199999999999978,-0.002006006689217799,0.002,0.002006006689221351
3,2.8,2.44205188373477,2.8,12.0,-0.002,0.00199999999999978,-0.002006981962313859,0.002,0.002006981962310306
3,2.85,2.442051883734869,2.85,12.0,-0.002,0.00199999999999978,-0.002007957234553714,0.002,0.002007957234555491
3,2.9,2.442051883734919,2.9,12.0,-0.002,0.00199999999999978,-0.002008932505926708,0.002,0.002008932505921379
3,2.95,2.442051883734932,2.95,12.0,-0.002,0.00199999999999978,-0.00200990777643284,0.002,0.002009907776439057
3,3.0,2.442051883734794,3.0,12.0,-0.002,0.00199999999999978,-0.002010883046082768,0.002,0.002010883046077439
3,3.05,2.442051883735113,3.05,12.0,-0.002,0.00199999999999978,-0.002011858314872939,0.002,0.002011858314876491
3,3.1,2.442051883735107,3.1,12.0,-0.002,0.00199999999999978,-0.002012833582803353,0.002,0.002012833582805129
3,3.15,2.442051883734709,3.15,12.0,-0.002,0.00199999999999978,-0.002013808849870458,0.002,0.002013808849872234
3,3.2,2.442051883735108,3.2,12.0,-0.002,0.00199999999999978,-0.0020147841160707,0.002,0.002014784116077806
3,3.25,2.442051883735049,3.25,12.0,-0.002,0.00199999999999978,-0.002015759381421844,0.002,0.002015759381421844
3,3.3,2.442051883735049,3.3,12.0,-0.002,0.00199999999999978,-0.002016734645913232,0.002,0.002016734645913232
3,3.35,2.442051883734893,3.35,12.0,-0.002,0.00199999999999978,-0.002017709909530652,0.002,0.002017709909534204
3,3.4,2.442051883735077,3.4,12.0,-0.002,0.00199999999999978,-0.00201868517229542,0.002,0.002018685172298085
3,3.45,2.442051883735121,3.45,12.0,-0.002,0.00199999999999978,-0.002019660434207537,0.002,0.002019660434204873
3,3.5,2.44205188373506,3.5,12.0,-0.002,0.00199999999999978,-0.002020635695252793,0.002,0.002020635695250128
3,3.55,2.442051883735099,3.55,12.0,-0.002,0.00199999999999978,-0.00202161095542408,0.002,0.002021610955424968
3,3.6,2.442051883734909,3.6,12.0,-0.002,0.00199999999999978,-0.002022586214742716,0.002,0.002022586214738276
3,3.65,2.442051883734974,3.65,12.0,-0.002,0.00199999999999978,-0.002023561473201596,0.002,0.002023561473212254
3,3.7,2.442051883734842,3.7,12.0,-0.002,0.001999999999995339,-0.002024536730793614,0.002,0.002024536730806936
3,3.75,2.442051883734928,3.75,12.0,-0.002,0.00199999999999978,-0.00202551198753298,0.002,0.002025511987535644
3,3.8,2.442051883734704,3.8,12.0,-0.002,0.00199999999999978,-0.002026487243419695,0.002,0.002026487243425024
3,3.85,2.442051883735087,3.85,12.0,-0.002,0.00199999999999978,-0.002027462498432442,0.002,0.002027462498435106
3,3.9,2.442051883734838,3.9,12.0,-0.002,0.001999999999995339,-0.002028437752585432,0.002,0.002028437752588097
3,3.95,2.442051883734739,3.95,12.0,-0.002,0.001999999999995339,-0.002029413005892877,0.002,0.002029413005888436
3,4.0,2.442051883735023,4.0,12.0,-0.002,0.00199999999999978,-0.002030388258312144,0.002,0.002030388258318361
3,4.05,2.442051883734892,4.05,12.0,-0.002,0.00199999999999978,-0.002031363509885864,0.002,0.002031363509882311
3,4.100000000000001,2.442051883734733,4.100000000000001,12.0,-0.002,0.00199999999999978,-0.002032338760599828,0.002,0.002032338760606933
3,4.15,2.44205188373513,4.15,12.0,-0.002,0.002000000000004221,-0.00203331401046114,0.002,0.00203331401046114
3,4.2,2.442051883734678,4.2,12.0,-0.002,0.00199999999999978,-0.002034289259434274,0.002,0.002034289259444932
3,4.25,2.442051883735116,4.25,12.0,-0.002,0.001999999999995339,-0.002035264507568968,0.002,0.002035264507576073
3,4.3,2.442051883734834,4.3,12.0,-0.002,0.00199999999999978,-0.002036239754836799,0.002,0.002036239754836799
3,4.350000000000001,2.442051883734999,4.350000000000001,12.0,-0.002,0.00199999999999978,-0.002037215001259085,0.002,0.002037215001253756
3,4.4,2.442051883735058,4.4,12.0,-0.002,0.00199999999999978,-0.002038190246793192,0.002,0.002038190246800298
3,4.45,2.442051883734795,4.45,12.0,-0.002,0.00199999999999978,-0.002039165491474648,0.002,0.002039165491476425
3,4.5,2.4420518837349,4.5,12.0,-0.002,0.00199999999999978,-0.002040140735310558,0.002,0.002040140735317664
3,4.55,2.442051883735131,4.55,12.0,-0.002,0.00199999999999978,-0.002041115978272501,0.002,0.002041115978270724
3,4.600000000000001,2.442051883734716,4.600000000000001,12.0,-0.002,0.00199999999999978,-0.002042091220374687,0.002,0.002042091220371134
3,4.65,2.442051883735057,4.65,12.0,-0.002,0.00199999999999978,-0.00204306646161001,0.002,0.002043066461627774
3,4.7,2.442051883734921,4.7,12.0,-0.002,0.00199999999999978,-0.002044041701992683,0.002,0.002044041701996235
3,4.75,2.442051883734869,4.75,12.0,-0.002,0.00199999999999978,-0.002045016941522704,0.002,0.002045016941529809
3,4.800000000000001,2.442051883735037,4.800000000000001,12.0,-0.002,0.00199999999999978,-0.002045992180178757,0.002,0.002045992180184086
3,4.850000000000001,2.442051883734807,4.850000000000001,12.0,-0.002,0.00199999999999978,-0.002046967417989265,0.002,0.002046967417994594
3,4.9,2.442051883734667,4.9,12.0,-0.002,0.00199999999999978,-0.002047942654925805,0.002,0.002047942654925805
3,4.95,2.442051883734869,4.95,12.0,-0.002,0.00199999999999978,-0.002048917891002588,0.002,0.002048917891004365
3,5.0,2.442051883735014,5.0,12.0,-0.002,0.00199999999999978,-0.002049893126219615,0.002,0.002049893126221392
3,5.050000000000001,2.442051883735035,5.050000000000001,12.0,-0.002,0.00199999999999978,-0.00205086836056978,0.002,0.002050868360576885
3,5.100000000000001,2.442051883734931,5.100000000000001,12.0,-0.002,0.00199999999999978,-0.002051843594067293,0.002,0.002051843594061964
3,5.15,2.442051883735103,5.15,12.0,-0.002,0.002000000000004221,-0.002052818826697944,0.002,0.002052818826712155
3,5.2,2.442051883734711,5.2,12.0,-0.002,0.00199999999999978,-0.002053794058483049,0.002,0.002053794058474168
3,5.25,2.44205188373468,5.25,12.0,-0.002,0.00199999999999978,-0.002054769289394187,0.002,0.002054769289383529
3,5.300000000000001,2.442051883735065,5.300000000000001,12.0,-0.002,0.00199999999999978,-0.002055744519438463,0.002,0.002055744519449121
3,5.350000000000001,2.442051883734734,5.350000000000001,12.0,-0.002,0.00199999999999978,-0.002056719748637192,0.002,0.002056719748626534
3,5.4,2.442051883735139,5.4,12.0,-0.002,0.00199999999999978,-0.00205769497696906,0.002,0.00205769497696906
3,5.45,2.442051883734774,5.45,12.0,-0.002,0.00199999999999978,-0.002058670204441171,0.002,0.002058670204441171
3,5.5,2.442051883734686,5.5,12.0,-0.002,0.001999999999995339,-0.002059645431053525,0.002,0.002059645431051749
3,5.550000000000001,2.442051883734787,5.550000000000001,12.0,-0.002,0.001999999999995339,-0.002060620656799017,0.002,0.002060620656791912
3,5.600000000000001,2.442051883734957,5.600000000000001,12.0,-0.002,0.00199999999999978,-0.002061595881691858,0.002,0.002061595881679423
3,5.65,2.442051883734853,5.65,12.0,-0.002,0.00199999999999978,-0.002062571105710731,0.002,0.002062571105705402
3,5.7,2.442051883735139,5.7,12.0,-0.002,0.00199999999999978,-0.002063546328876953,0.002,0.002063546328887611
3,5.75,2.44205188373508,5.75,12.0,-0.002,0.00199999999999978,-0.002064521551183418,0.002,0.00206452155117276
3,5.800000000000001,2.442051883734733,5.800000000000001,12.0,-0.002,0.001999999999995339,-0.002065496772623021,0.002,0.002065496772631903
3,5.850000000000001,2.44205188373505,5.850000000000001,12.0,-0.002,0.002000000000004221,-0.002066471993202867,0.002,0.002066471993211749
3,5.9,2.442051883734745,5.9,12.0,-0.002,0.002000000000004221,-0.002067447212937168,0.002,0.002067447212938944
3,5.95,2.442051883734865,5.95,12.0,-0.002,0.00199999999999978,-0.00206842243178329,0.002,0.002068422431786843
3,6.0,2.442051883735025,6.0,12.0,-0.002,0.00199999999999978,-0.002069397649798077,0.002,0.002069397649799853
3,6.050000000000001,2.442051883734692,6.050000000000001,12.0,-0.002,0.002000000000004221,-0.002070372866931791,0.002,0.002070372866924686
3,6.100000000000001,2.4420518837349,6.100000000000001,12.0,-0.002,0.00199999999999978,-0.002071348083227065,0.002,0.00207134808321463
3,6.15,2.442051883734738,6.15,12.0,-0.002,0.001999999999995339,-0.002072323298648371,0.002,0.002072323298643042
3,6.2,2.442051883734674,6.2,12.0,-0.002,0.001999999999995339,-0.002073298513195709,0.002,0.002073298513201038
3,6.25,2.442051883734851,6.25,12.0,-0.002,0.00199999999999978,-0.002074273726897502,0.002,0.002074273726897502
3,6.300000000000001,2.44205188373478,6.300000000000001,12.0,-0.002,0.001999999999995339,-0.002075248939725327,0.002,0.002075248939732433
3,6.350000000000001,2.442051883734917,6.350000000000001,12.0,-0.002,0.00199999999999978,-0.002076224151707606,0.002,0.00207622415170583
3,6.4,2.442051883734931,6.4,12.0,-0.002,0.00199999999999978,-0.002077199362815918,0.002,0.002077199362826576
3,6.45,2.442051883734798,6.45,12.0,-0.002,0.00199999999999978,-0.002078174573071578,0.002,0.002078174573068026
3,6.5,2.442051883734671,6.5,12.0,-0.002,0.00199999999999978,-0.002079149782460377,0.002,0.002079149782483469
3,6.550000000000001,2.442051883734969,6.550000000000001,12.0,-0.002,0.00199999999999978,-0.002080124990996524,0.002,0.002080124991001853
3,6.600000000000001,2.442051883735148,6.600000000000001,12.0,-0.002,0.00199999999999978,-0.002081100198680019,0.002,0.002081100198685348
3,6.65,2.442051883735006,6.65,12.0,-0.002,0.00199999999999978,-0.002082075405496653,0.002,0.002082075405489547
3,6.7,2.442051883734829,6.7,12.0,-0.002,0.00199999999999978,-0.002083050611432213,0.002,0.002083050611432213
3,6.75,2.442051883735084,6.75,12.0,-0.002,0.00199999999999978,-0.002084025816529333,0.002,0.002084025816539992
3,6.800000000000001,2.442051883735072,6.800000000000001,12.0,-0.002,0.00199999999999978,-0.002085001020759591,0.002,0.00208500102075071
3,6.850000000000001,2.442051883734958,6.850000000000001,12.0,-0.002,0.00199999999999978,-0.002085976224122987,0.002,0.00208597622412654
3,6.9,2.442051883734718,6.9,12.0,-0.002,0.001999999999995339,-0.002086951426633732,0.002,0.002086951426640837
3,6.95,2.442051883735077,6.95,12.0,-0.002,0.00199999999999978,-0.002087926628277614,0.002,0.002087926628293602
3,7.0,2.442051883735129,7.0,12.0,-0.002,0.00199999999999978,-0.002088901829068845,0.002,0.002088901829067069
3,7.050000000000001,2.442051883734677,7.050000000000001,12.0,-0.002,0.002000000000004221,-0.002089877028993214,0.002,0.002089877028987885
3,7.100000000000001,2.442051883735104,7.100000000000001,12.0,-0.002,0.001999999999995339,-0.00209085222803651,0.002,0.002090852228064932
3,7.15,2.442051883734697,7.15,12.0,-0.002,0.00199999999999978,-0.002091827426255577,0.002,0.002091827426253801
3,7.2,2.442051883734996,7.2,12.0,-0.002,0.00199999999999978,-0.00209280262359357,0.002,0.002092802623607781
3,7.25,2.442051883734826,7.25,12.0,-0.002,0.001999999999995339,-0.002093777820078913,0.002,0.002093777820082465
3,7.300000000000001,2.4420518837351,7.300000000000001,12.0,-0.002,0.00199999999999978,-0.002094753015711603,0.002,0.00209475301571338
3,7.350000000000001,2.442051883734796,7.350000000000001,12.0,-0.002,0.00199999999999978,-0.002095728210477432,0.002,0.002095728210473879
3,7.4,2.442051883734673,7.4,12.0,-0.002,0.00199999999999978,-0.002096703404362188,0.002,0.002096703404363964
3,7.45,2.442051883734996,7.45,12.0,-0.002,0.00199999999999978,-0.002097678597394292,0.002,0.00209767859741028
3,7.5,2.442051883734957,7.5,12.0,-0.002,0.00199999999999978,-0.002098653789602167,0.002,0.002098653789595062
3,7.550000000000001,2.442051883735123,7.550000000000001,12.0,-0.002,0.00199999999999978,-0.002099628980914758,0.002,0.002099628980927193
3,7.600000000000001,2.442051883734798,7.600000000000001,12.0,-0.002,0.001999999999995339,-0.002100604171360487,0.002,0.002100604171353382
3,7.65,2.442051883735045,7.65,12.0,-0.002,0.00199999999999978,-0.002101579360967776,0.002,0.002101579360962447
3,7.7,2.442051883734815,7.7,12.0,-0.002,0.001999999999995339,-0.002102554549693991,0.002,0.002102554549701097
3,7.75,2.442051883734709,7.75,12.0,-0.002,0.001999999999995339,-0.002103529737567555,0.002,0.002103529737578214
3,7.800000000000001,2.442051883734814,7.800000000000001,12.0,-0.002,0.001999999999995339,-0.002104504924574258,0.002,0.002104504924584916
3,7.850000000000001,2.442051883735125,7.850000000000001,12.0,-0.002,0.00199999999999978,-0.002105480110742519,0.002,0.002105480110747848
3,7.9,2.442051883735139,7.9,12.0,-0.002,0.00199999999999978,-0.002106455296029708,0.002,0.002106455296031484
3,7.95,2.442051883734995,7.95,12.0,-0.002,0.00199999999999978,-0.002107430480464245,0.002,0.002107430480471351
3,8.0,2.44205188373475,8.0,12.0,-0.002,0.001999999999995339,-0.00210840566401771,0.002,0.002108405664023039
3,8.05,2.442051883734747,8.05,12.0,-0.002,0.00199999999999978,-0.002109380846746944,0.002,0.002109380846757603
3,8.1,2.442051883735119,8.1,12.0,-0.002,0.00199999999999978,-0.002110356028623528,0.002,0.002110356028595106
3,8.15,2.442051883734964,8.15,12.0,-0.002,0.00199999999999978,-0.002111331209590617,0.002,0.002111331209597722
3,8.200000000000001,2.442051883734993,8.200000000000001,12.0,-0.002,0.00199999999999978,-0.002112306389690843,0.002,0.002112306389694396
3,8.25,2.442051883734753,8.25,12.0,-0.002,0.001999999999995339,-0.00211328156896684,0.002,0.002113281568956182
3,8.3,2.442051883734789,8.3,12.0,-0.002,0.00199999999999978,-0.002114256747390186,0.002,0.002114256747400844
3,8.35,2.442051883735088,8.35,12.0,-0.002,0.00199999999999978,-0.002115231924932459,0.002,0.002115231924921801
3,8.4,2.442051883734861,8.4,12.0,-0.002,0.00199999999999978,-0.002116207101622081,0.002,0.002116207101625633
3,8.450000000000001,2.44205188373498,8.450000000000001,12.0,-0.002,0.00199999999999978,-0.00211718227744484,0.002,0.002117182277423524
3,8.5,2.442051883734694,8.5,12.0,-0.002,0.00199999999999978,-0.002118157452386527,0.002,0.002118157452386527
3,8.55,2.442051883734693,8.55,12.0,-0.002,0.001999999999995339,-0.002119132626503983,0.002,0.002119132626532405
3,8.6,2.442051883734826,8.6,12.0,-0.002,0.00199999999999978,-0.002120107799754578,0.002,0.002120107799754578
3,8.65,2.442051883734879,8.65,12.0,-0.002,0.00199999999999978,-0.002121082972152522,0.002,0.002121082972159627
3,8.700000000000001,2.442051883734721,8.700000000000001,12.0,-0.002,0.00199999999999978,-0.002122058143655181,0.002,0.002122058143676497
3,8.75,2.442051883735076,8.75,12.0,-0.002,0.00199999999999978,-0.0021230333143194,0.002,0.002123033314322953
3,8.8,2.442051883735102,8.8,12.0,-0.002,0.00199999999999978,-0.002124008484116757,0.002,0.002124008484116757
3,8.85,2.442051883734855,8.85,12.0,-0.002,0.00199999999999978,-0.002124983653061463,0.002,0.002124983653040147
3,8.9,2.442051883734839,8.9,12.0,-0.002,0.00199999999999978,-0.002125958821125096,0.002,0.002125958821146412
3,8.950000000000001,2.442051883735076,8.950000000000001,12.0,-0.002,0.00199999999999978,-0.002126933988364499,0.002,0.002126933988346735
3,9.0,2.442051883734929,9.0,12.0,-0.002,0.00199999999999978,-0.002127909154722829,0.002,0.002127909154729934
3,9.05,2.442051883734849,9.05,12.0,-0.002,0.00199999999999978,-0.002128884320200086,0.002,0.002128884320224955
3,9.1,2.442051883734777,9.1,12.0,-0.002,0.00199999999999978,-0.002129859484853114,0.002,0.002129859484849561
3,9.15,2.4420518837349,9.15,12.0,-0.002,0.00199999999999978,-0.002130834648625068,0.002,0.002130834648621516
3,9.200000000000001,2.442051883734748,9.200000000000001,12.0,-0.002,0.001999999999995339,-0.002131809811544372,0.002,0.002131809811540819
3,9.25,2.442051883734771,9.25,12.0,-0.002,0.001999999999995339,-0.002132784973582602,0.002,0.002132784973589708
3,9.3,2.442051883734921,9.3,12.0,-0.002,0.00199999999999978,-0.002133760134796603,0.002,0.002133760134803708
3,9.35,2.442051883735012,9.35,12.0,-0.002,0.00199999999999978,-0.002134735295129531,0.002,0.002134735295129531
3,9.4,2.442051883734717,9.4,12.0,-0.002,0.00199999999999978,-0.002135710454581385,0.002,0.002135710454584938
3,9.450000000000001,2.442051883734771,9.450000000000001,12.0,-0.002,0.00199999999999978,-0.002136685613209011,0.002,0.002136685613187694
3,9.5,2.442051883735088,9.5,12.0,-0.002,0.00199999999999978,-0.002137660770969774,0.002,0.002137660770973326
3,9.55,2.442051883734958,9.55,12.0,-0.002,0.00199999999999978,-0.002138635927849464,0.002,0.002138635927853016
3,9.600000000000001,2.442051883735108,9.600000000000001,12.0,-0.002,0.002000000000004221,-0.002139611083876503,0.002,0.002139611083880055
3,9.65,2.4420518837351,9.65,12.0,-0.002,0.00199999999999978,-0.00214058623905089,0.002,0.002140586239054443
3,9.700000000000001,2.442051883735131,9.700000000000001,12.0,-0.002,0.00199999999999978,-0.002141561393358415,0.002,0.002141561393376179
3,9.75,2.442051883735045,9.75,12.0,-0.002,0.00199999999999978,-0.00214253654681329,0.002,0.002142536546809737
3,9.8,2.442051883734876,9.8,12.0,-0.002,0.00199999999999978,-0.002143511699401301,0.002,0.002143511699408407
3,9.850000000000001,2.442051883734907,9.850000000000001,12.0,-0.002,0.00199999999999978,-0.002144486851122451,0.002,0.002144486851118899
3,9.9,2.442051883734762,9.9,12.0,-0.002,0.00199999999999978,-0.002145462001976739,0.002,0.002145462001958975
3,9.950000000000001,2.442051883734893,9.950000000000001,12.0,-0.002,0.00199999999999978,-0.002146437151964165,0.002,0.002146437151964165
3,10.0,2.44205188373475,10.0,12.0,-0.002,0.001999999999995339,-0.00214741230112736,0.002,0.002147412301116702
